Date,source_file,Country,Keyword,Value,Pillar,World
2021-05-01,ITA_alimentazione_consapevole.csv,ITA,Alimentazione consapevole,0.0,Body,World B
2021-06-01,ITA_alimentazione_consapevole.csv,ITA,Alimentazione consapevole,0.0,Body,World B
2021-07-01,ITA_alimentazione_consapevole.csv,ITA,Alimentazione consapevole,0.0,Body,World B
2021-08-01,ITA_alimentazione_consapevole.csv,ITA,Alimentazione consapevole,0.0,Body,World B
2021-09-01,ITA_alimentazione_consapevole.csv,ITA,Alimentazione consapevole,0.0,Body,World B
2021-10-01,ITA_alimentazione_consapevole.csv,ITA,Alimentazione consapevole,0.0,Body,World B
2021-11-01,ITA_alimentazione_consapevole.csv,ITA,Alimentazione consapevole,0.0,Body,World B
2021-12-01,ITA_alimentazione_consapevole.csv,ITA,Alimentazione consapevole,61.0,Body,World B
2022-01-01,ITA_alimentazione_consapevole.csv,ITA,Alimentazione consapevole,0.0,Body,World B
2022-02-01,ITA_alimentazione_consapevole.csv,ITA,Alimentazione consapevole,37.0,Body,World B
2022-03-01,ITA_alimentazione_consapevole.csv,ITA,Alimentazione consapevole,0.0,Body,World B
2022-04-01,ITA_alimentazione_consapevole.csv,ITA,Alimentazione consapevole,0.0,Body,World B
2022-05-01,ITA_alimentazione_consapevole.csv,ITA,Alimentazione consapevole,0.0,Body,World B
2022-06-01,ITA_alimentazione_consapevole.csv,ITA,Alimentazione consapevole,0.0,Body,World B
2022-07-01,ITA_alimentazione_consapevole.csv,ITA,Alimentazione consapevole,0.0,Body,World B
2022-08-01,ITA_alimentazione_consapevole.csv,ITA,Alimentazione consapevole,0.0,Body,World B
2022-09-01,ITA_alimentazione_consapevole.csv,ITA,Alimentazione consapevole,0.0,Body,World B
2022-10-01,ITA_alimentazione_consapevole.csv,ITA,Alimentazione consapevole,0.0,Body,World B
2022-11-01,ITA_alimentazione_consapevole.csv,ITA,Alimentazione consapevole,0.0,Body,World B
2022-12-01,ITA_alimentazione_consapevole.csv,ITA,Alimentazione consapevole,0.0,Body,World B
2023-01-01,ITA_alimentazione_consapevole.csv,ITA,Alimentazione consapevole,0.0,Body,World B
2023-02-01,ITA_alimentazione_consapevole.csv,ITA,Alimentazione consapevole,0.0,Body,World B
2023-03-01,ITA_alimentazione_consapevole.csv,ITA,Alimentazione consapevole,0.0,Body,World B
2023-04-01,ITA_alimentazione_consapevole.csv,ITA,Alimentazione consapevole,0.0,Body,World B
2023-05-01,ITA_alimentazione_consapevole.csv,ITA,Alimentazione consapevole,0.0,Body,World B
2023-06-01,ITA_alimentazione_consapevole.csv,ITA,Alimentazione consapevole,0.0,Body,World B
2023-07-01,ITA_alimentazione_consapevole.csv,ITA,Alimentazione consapevole,0.0,Body,World B
2023-08-01,ITA_alimentazione_consapevole.csv,ITA,Alimentazione consapevole,0.0,Body,World B
2023-09-01,ITA_alimentazione_consapevole.csv,ITA,Alimentazione consapevole,0.0,Body,World B
2023-10-01,ITA_alimentazione_consapevole.csv,ITA,Alimentazione consapevole,0.0,Body,World B
2023-11-01,ITA_alimentazione_consapevole.csv,ITA,Alimentazione consapevole,0.0,Body,World B
2023-12-01,ITA_alimentazione_consapevole.csv,ITA,Alimentazione consapevole,0.0,Body,World B
2024-01-01,ITA_alimentazione_consapevole.csv,ITA,Alimentazione consapevole,0.0,Body,World B
2024-02-01,ITA_alimentazione_consapevole.csv,ITA,Alimentazione consapevole,0.0,Body,World B
2024-03-01,ITA_alimentazione_consapevole.csv,ITA,Alimentazione consapevole,0.0,Body,World B
2024-04-01,ITA_alimentazione_consapevole.csv,ITA,Alimentazione consapevole,0.0,Body,World B
2024-05-01,ITA_alimentazione_consapevole.csv,ITA,Alimentazione consapevole,0.0,Body,World B
2024-06-01,ITA_alimentazione_consapevole.csv,ITA,Alimentazione consapevole,0.0,Body,World B
2024-07-01,ITA_alimentazione_consapevole.csv,ITA,Alimentazione consapevole,0.0,Body,World B
2024-08-01,ITA_alimentazione_consapevole.csv,ITA,Alimentazione consapevole,0.0,Body,World B
2024-09-01,ITA_alimentazione_consapevole.csv,ITA,Alimentazione consapevole,0.0,Body,World B
2024-10-01,ITA_alimentazione_consapevole.csv,ITA,Alimentazione consapevole,0.0,Body,World B
2024-11-01,ITA_alimentazione_consapevole.csv,ITA,Alimentazione consapevole,0.0,Body,World B
2024-12-01,ITA_alimentazione_consapevole.csv,ITA,Alimentazione consapevole,0.0,Body,World B
2025-01-01,ITA_alimentazione_consapevole.csv,ITA,Alimentazione consapevole,0.0,Body,World B
2025-02-01,ITA_alimentazione_consapevole.csv,ITA,Alimentazione consapevole,0.0,Body,World B
2025-03-01,ITA_alimentazione_consapevole.csv,ITA,Alimentazione consapevole,0.0,Body,World B
2025-04-01,ITA_alimentazione_consapevole.csv,ITA,Alimentazione consapevole,0.0,Body,World B
2025-05-01,ITA_alimentazione_consapevole.csv,ITA,Alimentazione consapevole,0.0,Body,World B
2025-06-01,ITA_alimentazione_consapevole.csv,ITA,Alimentazione consapevole,0.0,Body,World B
2025-07-01,ITA_alimentazione_consapevole.csv,ITA,Alimentazione consapevole,0.0,Body,World B
2025-08-01,ITA_alimentazione_consapevole.csv,ITA,Alimentazione consapevole,0.0,Body,World B
2025-09-01,ITA_alimentazione_consapevole.csv,ITA,Alimentazione consapevole,47.0,Body,World B
2025-10-01,ITA_alimentazione_consapevole.csv,ITA,Alimentazione consapevole,58.0,Body,World B
2025-11-01,ITA_alimentazione_consapevole.csv,ITA,Alimentazione consapevole,0.0,Body,World B
2025-12-01,ITA_alimentazione_consapevole.csv,ITA,Alimentazione consapevole,0.0,Body,World B
2026-01-01,ITA_alimentazione_consapevole.csv,ITA,Alimentazione consapevole,0.0,Body,World B
2026-02-01,ITA_alimentazione_consapevole.csv,ITA,Alimentazione consapevole,0.0,Body,World B
2026-03-01,ITA_alimentazione_consapevole.csv,ITA,Alimentazione consapevole,0.0,Body,World B
2026-04-01,ITA_alimentazione_consapevole.csv,ITA,Alimentazione consapevole,0.0,Body,World B
2026-05-01,ITA_alimentazione_consapevole.csv,ITA,Alimentazione consapevole,100.0,Body,World B
2021-05-01,ITA_crescita_personale.csv,ITA,Crescita personale,68.0,Spirit,World B
2021-06-01,ITA_crescita_personale.csv,ITA,Crescita personale,57.0,Spirit,World B
2021-07-01,ITA_crescita_personale.csv,ITA,Crescita personale,53.0,Spirit,World B
2021-08-01,ITA_crescita_personale.csv,ITA,Crescita personale,70.0,Spirit,World B
2021-09-01,ITA_crescita_personale.csv,ITA,Crescita personale,63.0,Spirit,World B
2021-10-01,ITA_crescita_personale.csv,ITA,Crescita personale,56.0,Spirit,World B
2021-11-01,ITA_crescita_personale.csv,ITA,Crescita personale,66.0,Spirit,World B
2021-12-01,ITA_crescita_personale.csv,ITA,Crescita personale,69.0,Spirit,World B
2022-01-01,ITA_crescita_personale.csv,ITA,Crescita personale,88.0,Spirit,World B
2022-02-01,ITA_crescita_personale.csv,ITA,Crescita personale,83.0,Spirit,World B
2022-03-01,ITA_crescita_personale.csv,ITA,Crescita personale,76.0,Spirit,World B
2022-04-01,ITA_crescita_personale.csv,ITA,Crescita personale,75.0,Spirit,World B
2022-05-01,ITA_crescita_personale.csv,ITA,Crescita personale,74.0,Spirit,World B
2022-06-01,ITA_crescita_personale.csv,ITA,Crescita personale,73.0,Spirit,World B
2022-07-01,ITA_crescita_personale.csv,ITA,Crescita personale,71.0,Spirit,World B
2022-08-01,ITA_crescita_personale.csv,ITA,Crescita personale,79.0,Spirit,World B
2022-09-01,ITA_crescita_personale.csv,ITA,Crescita personale,71.0,Spirit,World B
2022-10-01,ITA_crescita_personale.csv,ITA,Crescita personale,78.0,Spirit,World B
2022-11-01,ITA_crescita_personale.csv,ITA,Crescita personale,86.0,Spirit,World B
2022-12-01,ITA_crescita_personale.csv,ITA,Crescita personale,80.0,Spirit,World B
2023-01-01,ITA_crescita_personale.csv,ITA,Crescita personale,100.0,Spirit,World B
2023-02-01,ITA_crescita_personale.csv,ITA,Crescita personale,96.0,Spirit,World B
2023-03-01,ITA_crescita_personale.csv,ITA,Crescita personale,80.0,Spirit,World B
2023-04-01,ITA_crescita_personale.csv,ITA,Crescita personale,88.0,Spirit,World B
2023-05-01,ITA_crescita_personale.csv,ITA,Crescita personale,85.0,Spirit,World B
2023-06-01,ITA_crescita_personale.csv,ITA,Crescita personale,77.0,Spirit,World B
2023-07-01,ITA_crescita_personale.csv,ITA,Crescita personale,81.0,Spirit,World B
2023-08-01,ITA_crescita_personale.csv,ITA,Crescita personale,80.0,Spirit,World B
2023-09-01,ITA_crescita_personale.csv,ITA,Crescita personale,85.0,Spirit,World B
2023-10-01,ITA_crescita_personale.csv,ITA,Crescita personale,75.0,Spirit,World B
2023-11-01,ITA_crescita_personale.csv,ITA,Crescita personale,78.0,Spirit,World B
2023-12-01,ITA_crescita_personale.csv,ITA,Crescita personale,92.0,Spirit,World B
2024-01-01,ITA_crescita_personale.csv,ITA,Crescita personale,91.0,Spirit,World B
2024-02-01,ITA_crescita_personale.csv,ITA,Crescita personale,72.0,Spirit,World B
2024-03-01,ITA_crescita_personale.csv,ITA,Crescita personale,88.0,Spirit,World B
2024-04-01,ITA_crescita_personale.csv,ITA,Crescita personale,76.0,Spirit,World B
2024-05-01,ITA_crescita_personale.csv,ITA,Crescita personale,86.0,Spirit,World B
2024-06-01,ITA_crescita_personale.csv,ITA,Crescita personale,75.0,Spirit,World B
2024-07-01,ITA_crescita_personale.csv,ITA,Crescita personale,67.0,Spirit,World B
2024-08-01,ITA_crescita_personale.csv,ITA,Crescita personale,71.0,Spirit,World B
2024-09-01,ITA_crescita_personale.csv,ITA,Crescita personale,63.0,Spirit,World B
2024-10-01,ITA_crescita_personale.csv,ITA,Crescita personale,73.0,Spirit,World B
2024-11-01,ITA_crescita_personale.csv,ITA,Crescita personale,81.0,Spirit,World B
2024-12-01,ITA_crescita_personale.csv,ITA,Crescita personale,75.0,Spirit,World B
2025-01-01,ITA_crescita_personale.csv,ITA,Crescita personale,87.0,Spirit,World B
2025-02-01,ITA_crescita_personale.csv,ITA,Crescita personale,72.0,Spirit,World B
2025-03-01,ITA_crescita_personale.csv,ITA,Crescita personale,63.0,Spirit,World B
2025-04-01,ITA_crescita_personale.csv,ITA,Crescita personale,59.0,Spirit,World B
2025-05-01,ITA_crescita_personale.csv,ITA,Crescita personale,66.0,Spirit,World B
2025-06-01,ITA_crescita_personale.csv,ITA,Crescita personale,52.0,Spirit,World B
2025-07-01,ITA_crescita_personale.csv,ITA,Crescita personale,64.0,Spirit,World B
2025-08-01,ITA_crescita_personale.csv,ITA,Crescita personale,72.0,Spirit,World B
2025-09-01,ITA_crescita_personale.csv,ITA,Crescita personale,63.0,Spirit,World B
2025-10-01,ITA_crescita_personale.csv,ITA,Crescita personale,59.0,Spirit,World B
2025-11-01,ITA_crescita_personale.csv,ITA,Crescita personale,79.0,Spirit,World B
2025-12-01,ITA_crescita_personale.csv,ITA,Crescita personale,96.0,Spirit,World B
2026-01-01,ITA_crescita_personale.csv,ITA,Crescita personale,78.0,Spirit,World B
2026-02-01,ITA_crescita_personale.csv,ITA,Crescita personale,76.0,Spirit,World B
2026-03-01,ITA_crescita_personale.csv,ITA,Crescita personale,71.0,Spirit,World B
2026-04-01,ITA_crescita_personale.csv,ITA,Crescita personale,68.0,Spirit,World B
2026-05-01,ITA_crescita_personale.csv,ITA,Crescita personale,73.0,Spirit,World B
2021-05-01,ITA_definizione_corpo.csv,ITA,Definizione corpo,94.0,Body,World A
2021-06-01,ITA_definizione_corpo.csv,ITA,Definizione corpo,50.0,Body,World A
2021-07-01,ITA_definizione_corpo.csv,ITA,Definizione corpo,44.0,Body,World A
2021-08-01,ITA_definizione_corpo.csv,ITA,Definizione corpo,36.0,Body,World A
2021-09-01,ITA_definizione_corpo.csv,ITA,Definizione corpo,52.0,Body,World A
2021-10-01,ITA_definizione_corpo.csv,ITA,Definizione corpo,61.0,Body,World A
2021-11-01,ITA_definizione_corpo.csv,ITA,Definizione corpo,75.0,Body,World A
2021-12-01,ITA_definizione_corpo.csv,ITA,Definizione corpo,61.0,Body,World A
2022-01-01,ITA_definizione_corpo.csv,ITA,Definizione corpo,98.0,Body,World A
2022-02-01,ITA_definizione_corpo.csv,ITA,Definizione corpo,91.0,Body,World A
2022-03-01,ITA_definizione_corpo.csv,ITA,Definizione corpo,92.0,Body,World A
2022-04-01,ITA_definizione_corpo.csv,ITA,Definizione corpo,88.0,Body,World A
2022-05-01,ITA_definizione_corpo.csv,ITA,Definizione corpo,97.0,Body,World A
2022-06-01,ITA_definizione_corpo.csv,ITA,Definizione corpo,72.0,Body,World A
2022-07-01,ITA_definizione_corpo.csv,ITA,Definizione corpo,39.0,Body,World A
2022-08-01,ITA_definizione_corpo.csv,ITA,Definizione corpo,45.0,Body,World A
2022-09-01,ITA_definizione_corpo.csv,ITA,Definizione corpo,63.0,Body,World A
2022-10-01,ITA_definizione_corpo.csv,ITA,Definizione corpo,100.0,Body,World A
2022-11-01,ITA_definizione_corpo.csv,ITA,Definizione corpo,89.0,Body,World A
2022-12-01,ITA_definizione_corpo.csv,ITA,Definizione corpo,73.0,Body,World A
2023-01-01,ITA_definizione_corpo.csv,ITA,Definizione corpo,93.0,Body,World A
2023-02-01,ITA_definizione_corpo.csv,ITA,Definizione corpo,87.0,Body,World A
2023-03-01,ITA_definizione_corpo.csv,ITA,Definizione corpo,81.0,Body,World A
2023-04-01,ITA_definizione_corpo.csv,ITA,Definizione corpo,74.0,Body,World A
2023-05-01,ITA_definizione_corpo.csv,ITA,Definizione corpo,99.0,Body,World A
2023-06-01,ITA_definizione_corpo.csv,ITA,Definizione corpo,65.0,Body,World A
2023-07-01,ITA_definizione_corpo.csv,ITA,Definizione corpo,45.0,Body,World A
2023-08-01,ITA_definizione_corpo.csv,ITA,Definizione corpo,40.0,Body,World A
2023-09-01,ITA_definizione_corpo.csv,ITA,Definizione corpo,70.0,Body,World A
2023-10-01,ITA_definizione_corpo.csv,ITA,Definizione corpo,95.0,Body,World A
2023-11-01,ITA_definizione_corpo.csv,ITA,Definizione corpo,83.0,Body,World A
2023-12-01,ITA_definizione_corpo.csv,ITA,Definizione corpo,76.0,Body,World A
2024-01-01,ITA_definizione_corpo.csv,ITA,Definizione corpo,85.0,Body,World A
2024-02-01,ITA_definizione_corpo.csv,ITA,Definizione corpo,80.0,Body,World A
2024-03-01,ITA_definizione_corpo.csv,ITA,Definizione corpo,89.0,Body,World A
2024-04-01,ITA_definizione_corpo.csv,ITA,Definizione corpo,62.0,Body,World A
2024-05-01,ITA_definizione_corpo.csv,ITA,Definizione corpo,77.0,Body,World A
2024-06-01,ITA_definizione_corpo.csv,ITA,Definizione corpo,66.0,Body,World A
2024-07-01,ITA_definizione_corpo.csv,ITA,Definizione corpo,34.0,Body,World A
2024-08-01,ITA_definizione_corpo.csv,ITA,Definizione corpo,37.0,Body,World A
2024-09-01,ITA_definizione_corpo.csv,ITA,Definizione corpo,60.0,Body,World A
2024-10-01,ITA_definizione_corpo.csv,ITA,Definizione corpo,78.0,Body,World A
2024-11-01,ITA_definizione_corpo.csv,ITA,Definizione corpo,72.0,Body,World A
2024-12-01,ITA_definizione_corpo.csv,ITA,Definizione corpo,50.0,Body,World A
2025-01-01,ITA_definizione_corpo.csv,ITA,Definizione corpo,73.0,Body,World A
2025-02-01,ITA_definizione_corpo.csv,ITA,Definizione corpo,64.0,Body,World A
2025-03-01,ITA_definizione_corpo.csv,ITA,Definizione corpo,65.0,Body,World A
2025-04-01,ITA_definizione_corpo.csv,ITA,Definizione corpo,58.0,Body,World A
2025-05-01,ITA_definizione_corpo.csv,ITA,Definizione corpo,62.0,Body,World A
2025-06-01,ITA_definizione_corpo.csv,ITA,Definizione corpo,43.0,Body,World A
2025-07-01,ITA_definizione_corpo.csv,ITA,Definizione corpo,32.0,Body,World A
2025-08-01,ITA_definizione_corpo.csv,ITA,Definizione corpo,33.0,Body,World A
2025-09-01,ITA_definizione_corpo.csv,ITA,Definizione corpo,54.0,Body,World A
2025-10-01,ITA_definizione_corpo.csv,ITA,Definizione corpo,76.0,Body,World A
2025-11-01,ITA_definizione_corpo.csv,ITA,Definizione corpo,80.0,Body,World A
2025-12-01,ITA_definizione_corpo.csv,ITA,Definizione corpo,79.0,Body,World A
2026-01-01,ITA_definizione_corpo.csv,ITA,Definizione corpo,82.0,Body,World A
2026-02-01,ITA_definizione_corpo.csv,ITA,Definizione corpo,71.0,Body,World A
2026-03-01,ITA_definizione_corpo.csv,ITA,Definizione corpo,74.0,Body,World A
2026-04-01,ITA_definizione_corpo.csv,ITA,Definizione corpo,59.0,Body,World A
2026-05-01,ITA_definizione_corpo.csv,ITA,Definizione corpo,59.0,Body,World A
2021-05-01,ITA_definizione_muscolare.csv,ITA,Definizione muscolare,75.0,Body,World A
2021-06-01,ITA_definizione_muscolare.csv,ITA,Definizione muscolare,64.0,Body,World A
2021-07-01,ITA_definizione_muscolare.csv,ITA,Definizione muscolare,52.0,Body,World A
2021-08-01,ITA_definizione_muscolare.csv,ITA,Definizione muscolare,34.0,Body,World A
2021-09-01,ITA_definizione_muscolare.csv,ITA,Definizione muscolare,29.0,Body,World A
2021-10-01,ITA_definizione_muscolare.csv,ITA,Definizione muscolare,34.0,Body,World A
2021-11-01,ITA_definizione_muscolare.csv,ITA,Definizione muscolare,43.0,Body,World A
2021-12-01,ITA_definizione_muscolare.csv,ITA,Definizione muscolare,36.0,Body,World A
2022-01-01,ITA_definizione_muscolare.csv,ITA,Definizione muscolare,57.0,Body,World A
2022-02-01,ITA_definizione_muscolare.csv,ITA,Definizione muscolare,64.0,Body,World A
2022-03-01,ITA_definizione_muscolare.csv,ITA,Definizione muscolare,83.0,Body,World A
2022-04-01,ITA_definizione_muscolare.csv,ITA,Definizione muscolare,69.0,Body,World A
2022-05-01,ITA_definizione_muscolare.csv,ITA,Definizione muscolare,100.0,Body,World A
2022-06-01,ITA_definizione_muscolare.csv,ITA,Definizione muscolare,70.0,Body,World A
2022-07-01,ITA_definizione_muscolare.csv,ITA,Definizione muscolare,46.0,Body,World A
2022-08-01,ITA_definizione_muscolare.csv,ITA,Definizione muscolare,37.0,Body,World A
2022-09-01,ITA_definizione_muscolare.csv,ITA,Definizione muscolare,37.0,Body,World A
2022-10-01,ITA_definizione_muscolare.csv,ITA,Definizione muscolare,31.0,Body,World A
2022-11-01,ITA_definizione_muscolare.csv,ITA,Definizione muscolare,37.0,Body,World A
2022-12-01,ITA_definizione_muscolare.csv,ITA,Definizione muscolare,27.0,Body,World A
2023-01-01,ITA_definizione_muscolare.csv,ITA,Definizione muscolare,46.0,Body,World A
2023-02-01,ITA_definizione_muscolare.csv,ITA,Definizione muscolare,49.0,Body,World A
2023-03-01,ITA_definizione_muscolare.csv,ITA,Definizione muscolare,57.0,Body,World A
2023-04-01,ITA_definizione_muscolare.csv,ITA,Definizione muscolare,61.0,Body,World A
2023-05-01,ITA_definizione_muscolare.csv,ITA,Definizione muscolare,69.0,Body,World A
2023-06-01,ITA_definizione_muscolare.csv,ITA,Definizione muscolare,63.0,Body,World A
2023-07-01,ITA_definizione_muscolare.csv,ITA,Definizione muscolare,49.0,Body,World A
2023-08-01,ITA_definizione_muscolare.csv,ITA,Definizione muscolare,28.0,Body,World A
2023-09-01,ITA_definizione_muscolare.csv,ITA,Definizione muscolare,29.0,Body,World A
2023-10-01,ITA_definizione_muscolare.csv,ITA,Definizione muscolare,37.0,Body,World A
2023-11-01,ITA_definizione_muscolare.csv,ITA,Definizione muscolare,29.0,Body,World A
2023-12-01,ITA_definizione_muscolare.csv,ITA,Definizione muscolare,31.0,Body,World A
2024-01-01,ITA_definizione_muscolare.csv,ITA,Definizione muscolare,43.0,Body,World A
2024-02-01,ITA_definizione_muscolare.csv,ITA,Definizione muscolare,34.0,Body,World A
2024-03-01,ITA_definizione_muscolare.csv,ITA,Definizione muscolare,36.0,Body,World A
2024-04-01,ITA_definizione_muscolare.csv,ITA,Definizione muscolare,59.0,Body,World A
2024-05-01,ITA_definizione_muscolare.csv,ITA,Definizione muscolare,54.0,Body,World A
2024-06-01,ITA_definizione_muscolare.csv,ITA,Definizione muscolare,54.0,Body,World A
2024-07-01,ITA_definizione_muscolare.csv,ITA,Definizione muscolare,32.0,Body,World A
2024-08-01,ITA_definizione_muscolare.csv,ITA,Definizione muscolare,26.0,Body,World A
2024-09-01,ITA_definizione_muscolare.csv,ITA,Definizione muscolare,24.0,Body,World A
2024-10-01,ITA_definizione_muscolare.csv,ITA,Definizione muscolare,28.0,Body,World A
2024-11-01,ITA_definizione_muscolare.csv,ITA,Definizione muscolare,25.0,Body,World A
2024-12-01,ITA_definizione_muscolare.csv,ITA,Definizione muscolare,23.0,Body,World A
2025-01-01,ITA_definizione_muscolare.csv,ITA,Definizione muscolare,28.0,Body,World A
2025-02-01,ITA_definizione_muscolare.csv,ITA,Definizione muscolare,23.0,Body,World A
2025-03-01,ITA_definizione_muscolare.csv,ITA,Definizione muscolare,39.0,Body,World A
2025-04-01,ITA_definizione_muscolare.csv,ITA,Definizione muscolare,36.0,Body,World A
2025-05-01,ITA_definizione_muscolare.csv,ITA,Definizione muscolare,30.0,Body,World A
2025-06-01,ITA_definizione_muscolare.csv,ITA,Definizione muscolare,31.0,Body,World A
2025-07-01,ITA_definizione_muscolare.csv,ITA,Definizione muscolare,28.0,Body,World A
2025-08-01,ITA_definizione_muscolare.csv,ITA,Definizione muscolare,20.0,Body,World A
2025-09-01,ITA_definizione_muscolare.csv,ITA,Definizione muscolare,16.0,Body,World A
2025-10-01,ITA_definizione_muscolare.csv,ITA,Definizione muscolare,26.0,Body,World A
2025-11-01,ITA_definizione_muscolare.csv,ITA,Definizione muscolare,25.0,Body,World A
2025-12-01,ITA_definizione_muscolare.csv,ITA,Definizione muscolare,30.0,Body,World A
2026-01-01,ITA_definizione_muscolare.csv,ITA,Definizione muscolare,36.0,Body,World A
2026-02-01,ITA_definizione_muscolare.csv,ITA,Definizione muscolare,37.0,Body,World A
2026-03-01,ITA_definizione_muscolare.csv,ITA,Definizione muscolare,44.0,Body,World A
2026-04-01,ITA_definizione_muscolare.csv,ITA,Definizione muscolare,36.0,Body,World A
2026-05-01,ITA_definizione_muscolare.csv,ITA,Definizione muscolare,46.0,Body,World A
2021-05-01,ITA_digital_detox.csv,ITA,Digital detox,27.0,Spirit,World A
2021-06-01,ITA_digital_detox.csv,ITA,Digital detox,27.0,Spirit,World A
2021-07-01,ITA_digital_detox.csv,ITA,Digital detox,28.0,Spirit,World A
2021-08-01,ITA_digital_detox.csv,ITA,Digital detox,26.0,Spirit,World A
2021-09-01,ITA_digital_detox.csv,ITA,Digital detox,0.0,Spirit,World A
2021-10-01,ITA_digital_detox.csv,ITA,Digital detox,0.0,Spirit,World A
2021-11-01,ITA_digital_detox.csv,ITA,Digital detox,20.0,Spirit,World A
2021-12-01,ITA_digital_detox.csv,ITA,Digital detox,0.0,Spirit,World A
2022-01-01,ITA_digital_detox.csv,ITA,Digital detox,33.0,Spirit,World A
2022-02-01,ITA_digital_detox.csv,ITA,Digital detox,22.0,Spirit,World A
2022-03-01,ITA_digital_detox.csv,ITA,Digital detox,36.0,Spirit,World A
2022-04-01,ITA_digital_detox.csv,ITA,Digital detox,29.0,Spirit,World A
2022-05-01,ITA_digital_detox.csv,ITA,Digital detox,43.0,Spirit,World A
2022-06-01,ITA_digital_detox.csv,ITA,Digital detox,20.0,Spirit,World A
2022-07-01,ITA_digital_detox.csv,ITA,Digital detox,40.0,Spirit,World A
2022-08-01,ITA_digital_detox.csv,ITA,Digital detox,33.0,Spirit,World A
2022-09-01,ITA_digital_detox.csv,ITA,Digital detox,42.0,Spirit,World A
2022-10-01,ITA_digital_detox.csv,ITA,Digital detox,16.0,Spirit,World A
2022-11-01,ITA_digital_detox.csv,ITA,Digital detox,33.0,Spirit,World A
2022-12-01,ITA_digital_detox.csv,ITA,Digital detox,22.0,Spirit,World A
2023-01-01,ITA_digital_detox.csv,ITA,Digital detox,23.0,Spirit,World A
2023-02-01,ITA_digital_detox.csv,ITA,Digital detox,29.0,Spirit,World A
2023-03-01,ITA_digital_detox.csv,ITA,Digital detox,40.0,Spirit,World A
2023-04-01,ITA_digital_detox.csv,ITA,Digital detox,27.0,Spirit,World A
2023-05-01,ITA_digital_detox.csv,ITA,Digital detox,28.0,Spirit,World A
2023-06-01,ITA_digital_detox.csv,ITA,Digital detox,34.0,Spirit,World A
2023-07-01,ITA_digital_detox.csv,ITA,Digital detox,18.0,Spirit,World A
2023-08-01,ITA_digital_detox.csv,ITA,Digital detox,42.0,Spirit,World A
2023-09-01,ITA_digital_detox.csv,ITA,Digital detox,42.0,Spirit,World A
2023-10-01,ITA_digital_detox.csv,ITA,Digital detox,29.0,Spirit,World A
2023-11-01,ITA_digital_detox.csv,ITA,Digital detox,28.0,Spirit,World A
2023-12-01,ITA_digital_detox.csv,ITA,Digital detox,32.0,Spirit,World A
2024-01-01,ITA_digital_detox.csv,ITA,Digital detox,48.0,Spirit,World A
2024-02-01,ITA_digital_detox.csv,ITA,Digital detox,31.0,Spirit,World A
2024-03-01,ITA_digital_detox.csv,ITA,Digital detox,29.0,Spirit,World A
2024-04-01,ITA_digital_detox.csv,ITA,Digital detox,29.0,Spirit,World A
2024-05-01,ITA_digital_detox.csv,ITA,Digital detox,28.0,Spirit,World A
2024-06-01,ITA_digital_detox.csv,ITA,Digital detox,45.0,Spirit,World A
2024-07-01,ITA_digital_detox.csv,ITA,Digital detox,29.0,Spirit,World A
2024-08-01,ITA_digital_detox.csv,ITA,Digital detox,36.0,Spirit,World A
2024-09-01,ITA_digital_detox.csv,ITA,Digital detox,23.0,Spirit,World A
2024-10-01,ITA_digital_detox.csv,ITA,Digital detox,48.0,Spirit,World A
2024-11-01,ITA_digital_detox.csv,ITA,Digital detox,40.0,Spirit,World A
2024-12-01,ITA_digital_detox.csv,ITA,Digital detox,31.0,Spirit,World A
2025-01-01,ITA_digital_detox.csv,ITA,Digital detox,48.0,Spirit,World A
2025-02-01,ITA_digital_detox.csv,ITA,Digital detox,28.0,Spirit,World A
2025-03-01,ITA_digital_detox.csv,ITA,Digital detox,39.0,Spirit,World A
2025-04-01,ITA_digital_detox.csv,ITA,Digital detox,35.0,Spirit,World A
2025-05-01,ITA_digital_detox.csv,ITA,Digital detox,55.0,Spirit,World A
2025-06-01,ITA_digital_detox.csv,ITA,Digital detox,81.0,Spirit,World A
2025-07-01,ITA_digital_detox.csv,ITA,Digital detox,36.0,Spirit,World A
2025-08-01,ITA_digital_detox.csv,ITA,Digital detox,35.0,Spirit,World A
2025-09-01,ITA_digital_detox.csv,ITA,Digital detox,43.0,Spirit,World A
2025-10-01,ITA_digital_detox.csv,ITA,Digital detox,38.0,Spirit,World A
2025-11-01,ITA_digital_detox.csv,ITA,Digital detox,100.0,Spirit,World A
2025-12-01,ITA_digital_detox.csv,ITA,Digital detox,55.0,Spirit,World A
2026-01-01,ITA_digital_detox.csv,ITA,Digital detox,61.0,Spirit,World A
2026-02-01,ITA_digital_detox.csv,ITA,Digital detox,78.0,Spirit,World A
2026-03-01,ITA_digital_detox.csv,ITA,Digital detox,61.0,Spirit,World A
2026-04-01,ITA_digital_detox.csv,ITA,Digital detox,75.0,Spirit,World A
2026-05-01,ITA_digital_detox.csv,ITA,Digital detox,49.0,Spirit,World A
2021-05-01,USA_digital_detox.csv,USA,Digital detox,3.0,Spirit,World A
2021-06-01,USA_digital_detox.csv,USA,Digital detox,4.0,Spirit,World A
2021-07-01,USA_digital_detox.csv,USA,Digital detox,4.0,Spirit,World A
2021-08-01,USA_digital_detox.csv,USA,Digital detox,4.0,Spirit,World A
2021-09-01,USA_digital_detox.csv,USA,Digital detox,5.0,Spirit,World A
2021-10-01,USA_digital_detox.csv,USA,Digital detox,4.0,Spirit,World A
2021-11-01,USA_digital_detox.csv,USA,Digital detox,4.0,Spirit,World A
2021-12-01,USA_digital_detox.csv,USA,Digital detox,4.0,Spirit,World A
2022-01-01,USA_digital_detox.csv,USA,Digital detox,5.0,Spirit,World A
2022-02-01,USA_digital_detox.csv,USA,Digital detox,6.0,Spirit,World A
2022-03-01,USA_digital_detox.csv,USA,Digital detox,6.0,Spirit,World A
2022-04-01,USA_digital_detox.csv,USA,Digital detox,5.0,Spirit,World A
2022-05-01,USA_digital_detox.csv,USA,Digital detox,6.0,Spirit,World A
2022-06-01,USA_digital_detox.csv,USA,Digital detox,5.0,Spirit,World A
2022-07-01,USA_digital_detox.csv,USA,Digital detox,6.0,Spirit,World A
2022-08-01,USA_digital_detox.csv,USA,Digital detox,7.0,Spirit,World A
2022-09-01,USA_digital_detox.csv,USA,Digital detox,6.0,Spirit,World A
2022-10-01,USA_digital_detox.csv,USA,Digital detox,6.0,Spirit,World A
2022-11-01,USA_digital_detox.csv,USA,Digital detox,5.0,Spirit,World A
2022-12-01,USA_digital_detox.csv,USA,Digital detox,5.0,Spirit,World A
2023-01-01,USA_digital_detox.csv,USA,Digital detox,5.0,Spirit,World A
2023-02-01,USA_digital_detox.csv,USA,Digital detox,6.0,Spirit,World A
2023-03-01,USA_digital_detox.csv,USA,Digital detox,6.0,Spirit,World A
2023-04-01,USA_digital_detox.csv,USA,Digital detox,5.0,Spirit,World A
2023-05-01,USA_digital_detox.csv,USA,Digital detox,7.0,Spirit,World A
2023-06-01,USA_digital_detox.csv,USA,Digital detox,5.0,Spirit,World A
2023-07-01,USA_digital_detox.csv,USA,Digital detox,5.0,Spirit,World A
2023-08-01,USA_digital_detox.csv,USA,Digital detox,6.0,Spirit,World A
2023-09-01,USA_digital_detox.csv,USA,Digital detox,7.0,Spirit,World A
2023-10-01,USA_digital_detox.csv,USA,Digital detox,6.0,Spirit,World A
2023-11-01,USA_digital_detox.csv,USA,Digital detox,6.0,Spirit,World A
2023-12-01,USA_digital_detox.csv,USA,Digital detox,6.0,Spirit,World A
2024-01-01,USA_digital_detox.csv,USA,Digital detox,100.0,Spirit,World A
2024-02-01,USA_digital_detox.csv,USA,Digital detox,21.0,Spirit,World A
2024-03-01,USA_digital_detox.csv,USA,Digital detox,11.0,Spirit,World A
2024-04-01,USA_digital_detox.csv,USA,Digital detox,15.0,Spirit,World A
2024-05-01,USA_digital_detox.csv,USA,Digital detox,7.0,Spirit,World A
2024-06-01,USA_digital_detox.csv,USA,Digital detox,6.0,Spirit,World A
2024-07-01,USA_digital_detox.csv,USA,Digital detox,6.0,Spirit,World A
2024-08-01,USA_digital_detox.csv,USA,Digital detox,6.0,Spirit,World A
2024-09-01,USA_digital_detox.csv,USA,Digital detox,7.0,Spirit,World A
2024-10-01,USA_digital_detox.csv,USA,Digital detox,7.0,Spirit,World A
2024-11-01,USA_digital_detox.csv,USA,Digital detox,9.0,Spirit,World A
2024-12-01,USA_digital_detox.csv,USA,Digital detox,10.0,Spirit,World A
2025-01-01,USA_digital_detox.csv,USA,Digital detox,9.0,Spirit,World A
2025-02-01,USA_digital_detox.csv,USA,Digital detox,10.0,Spirit,World A
2025-03-01,USA_digital_detox.csv,USA,Digital detox,11.0,Spirit,World A
2025-04-01,USA_digital_detox.csv,USA,Digital detox,11.0,Spirit,World A
2025-05-01,USA_digital_detox.csv,USA,Digital detox,12.0,Spirit,World A
2025-06-01,USA_digital_detox.csv,USA,Digital detox,15.0,Spirit,World A
2025-07-01,USA_digital_detox.csv,USA,Digital detox,22.0,Spirit,World A
2025-08-01,USA_digital_detox.csv,USA,Digital detox,20.0,Spirit,World A
2025-09-01,USA_digital_detox.csv,USA,Digital detox,19.0,Spirit,World A
2025-10-01,USA_digital_detox.csv,USA,Digital detox,21.0,Spirit,World A
2025-11-01,USA_digital_detox.csv,USA,Digital detox,21.0,Spirit,World A
2025-12-01,USA_digital_detox.csv,USA,Digital detox,23.0,Spirit,World A
2026-01-01,USA_digital_detox.csv,USA,Digital detox,27.0,Spirit,World A
2026-02-01,USA_digital_detox.csv,USA,Digital detox,32.0,Spirit,World A
2026-03-01,USA_digital_detox.csv,USA,Digital detox,40.0,Spirit,World A
2026-04-01,USA_digital_detox.csv,USA,Digital detox,87.0,Spirit,World A
2026-05-01,USA_digital_detox.csv,USA,Digital detox,38.0,Spirit,World A
2021-05-01,ITA_dimagrire.csv,ITA,Dimagrire,96.0,Body,World A
2021-06-01,ITA_dimagrire.csv,ITA,Dimagrire,95.0,Body,World A
2021-07-01,ITA_dimagrire.csv,ITA,Dimagrire,75.0,Body,World A
2021-08-01,ITA_dimagrire.csv,ITA,Dimagrire,76.0,Body,World A
2021-09-01,ITA_dimagrire.csv,ITA,Dimagrire,68.0,Body,World A
2021-10-01,ITA_dimagrire.csv,ITA,Dimagrire,55.0,Body,World A
2021-11-01,ITA_dimagrire.csv,ITA,Dimagrire,55.0,Body,World A
2021-12-01,ITA_dimagrire.csv,ITA,Dimagrire,45.0,Body,World A
2022-01-01,ITA_dimagrire.csv,ITA,Dimagrire,74.0,Body,World A
2022-02-01,ITA_dimagrire.csv,ITA,Dimagrire,79.0,Body,World A
2022-03-01,ITA_dimagrire.csv,ITA,Dimagrire,87.0,Body,World A
2022-04-01,ITA_dimagrire.csv,ITA,Dimagrire,90.0,Body,World A
2022-05-01,ITA_dimagrire.csv,ITA,Dimagrire,100.0,Body,World A
2022-06-01,ITA_dimagrire.csv,ITA,Dimagrire,94.0,Body,World A
2022-07-01,ITA_dimagrire.csv,ITA,Dimagrire,78.0,Body,World A
2022-08-01,ITA_dimagrire.csv,ITA,Dimagrire,74.0,Body,World A
2022-09-01,ITA_dimagrire.csv,ITA,Dimagrire,67.0,Body,World A
2022-10-01,ITA_dimagrire.csv,ITA,Dimagrire,64.0,Body,World A
2022-11-01,ITA_dimagrire.csv,ITA,Dimagrire,56.0,Body,World A
2022-12-01,ITA_dimagrire.csv,ITA,Dimagrire,46.0,Body,World A
2023-01-01,ITA_dimagrire.csv,ITA,Dimagrire,75.0,Body,World A
2023-02-01,ITA_dimagrire.csv,ITA,Dimagrire,76.0,Body,World A
2023-03-01,ITA_dimagrire.csv,ITA,Dimagrire,92.0,Body,World A
2023-04-01,ITA_dimagrire.csv,ITA,Dimagrire,87.0,Body,World A
2023-05-01,ITA_dimagrire.csv,ITA,Dimagrire,97.0,Body,World A
2023-06-01,ITA_dimagrire.csv,ITA,Dimagrire,98.0,Body,World A
2023-07-01,ITA_dimagrire.csv,ITA,Dimagrire,83.0,Body,World A
2023-08-01,ITA_dimagrire.csv,ITA,Dimagrire,73.0,Body,World A
2023-09-01,ITA_dimagrire.csv,ITA,Dimagrire,68.0,Body,World A
2023-10-01,ITA_dimagrire.csv,ITA,Dimagrire,66.0,Body,World A
2023-11-01,ITA_dimagrire.csv,ITA,Dimagrire,53.0,Body,World A
2023-12-01,ITA_dimagrire.csv,ITA,Dimagrire,45.0,Body,World A
2024-01-01,ITA_dimagrire.csv,ITA,Dimagrire,70.0,Body,World A
2024-02-01,ITA_dimagrire.csv,ITA,Dimagrire,64.0,Body,World A
2024-03-01,ITA_dimagrire.csv,ITA,Dimagrire,75.0,Body,World A
2024-04-01,ITA_dimagrire.csv,ITA,Dimagrire,78.0,Body,World A
2024-05-01,ITA_dimagrire.csv,ITA,Dimagrire,74.0,Body,World A
2024-06-01,ITA_dimagrire.csv,ITA,Dimagrire,72.0,Body,World A
2024-07-01,ITA_dimagrire.csv,ITA,Dimagrire,69.0,Body,World A
2024-08-01,ITA_dimagrire.csv,ITA,Dimagrire,60.0,Body,World A
2024-09-01,ITA_dimagrire.csv,ITA,Dimagrire,56.0,Body,World A
2024-10-01,ITA_dimagrire.csv,ITA,Dimagrire,53.0,Body,World A
2024-11-01,ITA_dimagrire.csv,ITA,Dimagrire,51.0,Body,World A
2024-12-01,ITA_dimagrire.csv,ITA,Dimagrire,41.0,Body,World A
2025-01-01,ITA_dimagrire.csv,ITA,Dimagrire,63.0,Body,World A
2025-02-01,ITA_dimagrire.csv,ITA,Dimagrire,62.0,Body,World A
2025-03-01,ITA_dimagrire.csv,ITA,Dimagrire,64.0,Body,World A
2025-04-01,ITA_dimagrire.csv,ITA,Dimagrire,63.0,Body,World A
2025-05-01,ITA_dimagrire.csv,ITA,Dimagrire,73.0,Body,World A
2025-06-01,ITA_dimagrire.csv,ITA,Dimagrire,67.0,Body,World A
2025-07-01,ITA_dimagrire.csv,ITA,Dimagrire,59.0,Body,World A
2025-08-01,ITA_dimagrire.csv,ITA,Dimagrire,59.0,Body,World A
2025-09-01,ITA_dimagrire.csv,ITA,Dimagrire,56.0,Body,World A
2025-10-01,ITA_dimagrire.csv,ITA,Dimagrire,47.0,Body,World A
2025-11-01,ITA_dimagrire.csv,ITA,Dimagrire,48.0,Body,World A
2025-12-01,ITA_dimagrire.csv,ITA,Dimagrire,39.0,Body,World A
2026-01-01,ITA_dimagrire.csv,ITA,Dimagrire,60.0,Body,World A
2026-02-01,ITA_dimagrire.csv,ITA,Dimagrire,60.0,Body,World A
2026-03-01,ITA_dimagrire.csv,ITA,Dimagrire,65.0,Body,World A
2026-04-01,ITA_dimagrire.csv,ITA,Dimagrire,80.0,Body,World A
2026-05-01,ITA_dimagrire.csv,ITA,Dimagrire,82.0,Body,World A
2021-05-01,ITA_esclusione_sociale.csv,ITA,Esclusione sociale,43.0,Inclusion,World A
2021-06-01,ITA_esclusione_sociale.csv,ITA,Esclusione sociale,55.0,Inclusion,World A
2021-07-01,ITA_esclusione_sociale.csv,ITA,Esclusione sociale,0.0,Inclusion,World A
2021-08-01,ITA_esclusione_sociale.csv,ITA,Esclusione sociale,0.0,Inclusion,World A
2021-09-01,ITA_esclusione_sociale.csv,ITA,Esclusione sociale,0.0,Inclusion,World A
2021-10-01,ITA_esclusione_sociale.csv,ITA,Esclusione sociale,28.0,Inclusion,World A
2021-11-01,ITA_esclusione_sociale.csv,ITA,Esclusione sociale,47.0,Inclusion,World A
2021-12-01,ITA_esclusione_sociale.csv,ITA,Esclusione sociale,48.0,Inclusion,World A
2022-01-01,ITA_esclusione_sociale.csv,ITA,Esclusione sociale,54.0,Inclusion,World A
2022-02-01,ITA_esclusione_sociale.csv,ITA,Esclusione sociale,50.0,Inclusion,World A
2022-03-01,ITA_esclusione_sociale.csv,ITA,Esclusione sociale,47.0,Inclusion,World A
2022-04-01,ITA_esclusione_sociale.csv,ITA,Esclusione sociale,50.0,Inclusion,World A
2022-05-01,ITA_esclusione_sociale.csv,ITA,Esclusione sociale,51.0,Inclusion,World A
2022-06-01,ITA_esclusione_sociale.csv,ITA,Esclusione sociale,36.0,Inclusion,World A
2022-07-01,ITA_esclusione_sociale.csv,ITA,Esclusione sociale,36.0,Inclusion,World A
2022-08-01,ITA_esclusione_sociale.csv,ITA,Esclusione sociale,23.0,Inclusion,World A
2022-09-01,ITA_esclusione_sociale.csv,ITA,Esclusione sociale,26.0,Inclusion,World A
2022-10-01,ITA_esclusione_sociale.csv,ITA,Esclusione sociale,48.0,Inclusion,World A
2022-11-01,ITA_esclusione_sociale.csv,ITA,Esclusione sociale,50.0,Inclusion,World A
2022-12-01,ITA_esclusione_sociale.csv,ITA,Esclusione sociale,36.0,Inclusion,World A
2023-01-01,ITA_esclusione_sociale.csv,ITA,Esclusione sociale,51.0,Inclusion,World A
2023-02-01,ITA_esclusione_sociale.csv,ITA,Esclusione sociale,58.0,Inclusion,World A
2023-03-01,ITA_esclusione_sociale.csv,ITA,Esclusione sociale,37.0,Inclusion,World A
2023-04-01,ITA_esclusione_sociale.csv,ITA,Esclusione sociale,43.0,Inclusion,World A
2023-05-01,ITA_esclusione_sociale.csv,ITA,Esclusione sociale,57.0,Inclusion,World A
2023-06-01,ITA_esclusione_sociale.csv,ITA,Esclusione sociale,52.0,Inclusion,World A
2023-07-01,ITA_esclusione_sociale.csv,ITA,Esclusione sociale,0.0,Inclusion,World A
2023-08-01,ITA_esclusione_sociale.csv,ITA,Esclusione sociale,43.0,Inclusion,World A
2023-09-01,ITA_esclusione_sociale.csv,ITA,Esclusione sociale,38.0,Inclusion,World A
2023-10-01,ITA_esclusione_sociale.csv,ITA,Esclusione sociale,44.0,Inclusion,World A
2023-11-01,ITA_esclusione_sociale.csv,ITA,Esclusione sociale,53.0,Inclusion,World A
2023-12-01,ITA_esclusione_sociale.csv,ITA,Esclusione sociale,53.0,Inclusion,World A
2024-01-01,ITA_esclusione_sociale.csv,ITA,Esclusione sociale,48.0,Inclusion,World A
2024-02-01,ITA_esclusione_sociale.csv,ITA,Esclusione sociale,57.0,Inclusion,World A
2024-03-01,ITA_esclusione_sociale.csv,ITA,Esclusione sociale,36.0,Inclusion,World A
2024-04-01,ITA_esclusione_sociale.csv,ITA,Esclusione sociale,54.0,Inclusion,World A
2024-05-01,ITA_esclusione_sociale.csv,ITA,Esclusione sociale,39.0,Inclusion,World A
2024-06-01,ITA_esclusione_sociale.csv,ITA,Esclusione sociale,36.0,Inclusion,World A
2024-07-01,ITA_esclusione_sociale.csv,ITA,Esclusione sociale,40.0,Inclusion,World A
2024-08-01,ITA_esclusione_sociale.csv,ITA,Esclusione sociale,0.0,Inclusion,World A
2024-09-01,ITA_esclusione_sociale.csv,ITA,Esclusione sociale,52.0,Inclusion,World A
2024-10-01,ITA_esclusione_sociale.csv,ITA,Esclusione sociale,59.0,Inclusion,World A
2024-11-01,ITA_esclusione_sociale.csv,ITA,Esclusione sociale,79.0,Inclusion,World A
2024-12-01,ITA_esclusione_sociale.csv,ITA,Esclusione sociale,67.0,Inclusion,World A
2025-01-01,ITA_esclusione_sociale.csv,ITA,Esclusione sociale,45.0,Inclusion,World A
2025-02-01,ITA_esclusione_sociale.csv,ITA,Esclusione sociale,46.0,Inclusion,World A
2025-03-01,ITA_esclusione_sociale.csv,ITA,Esclusione sociale,34.0,Inclusion,World A
2025-04-01,ITA_esclusione_sociale.csv,ITA,Esclusione sociale,28.0,Inclusion,World A
2025-05-01,ITA_esclusione_sociale.csv,ITA,Esclusione sociale,44.0,Inclusion,World A
2025-06-01,ITA_esclusione_sociale.csv,ITA,Esclusione sociale,0.0,Inclusion,World A
2025-07-01,ITA_esclusione_sociale.csv,ITA,Esclusione sociale,47.0,Inclusion,World A
2025-08-01,ITA_esclusione_sociale.csv,ITA,Esclusione sociale,34.0,Inclusion,World A
2025-09-01,ITA_esclusione_sociale.csv,ITA,Esclusione sociale,53.0,Inclusion,World A
2025-10-01,ITA_esclusione_sociale.csv,ITA,Esclusione sociale,95.0,Inclusion,World A
2025-11-01,ITA_esclusione_sociale.csv,ITA,Esclusione sociale,100.0,Inclusion,World A
2025-12-01,ITA_esclusione_sociale.csv,ITA,Esclusione sociale,75.0,Inclusion,World A
2026-01-01,ITA_esclusione_sociale.csv,ITA,Esclusione sociale,26.0,Inclusion,World A
2026-02-01,ITA_esclusione_sociale.csv,ITA,Esclusione sociale,53.0,Inclusion,World A
2026-03-01,ITA_esclusione_sociale.csv,ITA,Esclusione sociale,84.0,Inclusion,World A
2026-04-01,ITA_esclusione_sociale.csv,ITA,Esclusione sociale,73.0,Inclusion,World A
2026-05-01,ITA_esclusione_sociale.csv,ITA,Esclusione sociale,33.0,Inclusion,World A
2021-05-01,ITA_gestione_emozioni.csv,ITA,Gestione delle emozioni,30.0,Mind,World B
2021-06-01,ITA_gestione_emozioni.csv,ITA,Gestione delle emozioni,47.0,Mind,World B
2021-07-01,ITA_gestione_emozioni.csv,ITA,Gestione delle emozioni,0.0,Mind,World B
2021-08-01,ITA_gestione_emozioni.csv,ITA,Gestione delle emozioni,0.0,Mind,World B
2021-09-01,ITA_gestione_emozioni.csv,ITA,Gestione delle emozioni,41.0,Mind,World B
2021-10-01,ITA_gestione_emozioni.csv,ITA,Gestione delle emozioni,0.0,Mind,World B
2021-11-01,ITA_gestione_emozioni.csv,ITA,Gestione delle emozioni,0.0,Mind,World B
2021-12-01,ITA_gestione_emozioni.csv,ITA,Gestione delle emozioni,0.0,Mind,World B
2022-01-01,ITA_gestione_emozioni.csv,ITA,Gestione delle emozioni,0.0,Mind,World B
2022-02-01,ITA_gestione_emozioni.csv,ITA,Gestione delle emozioni,41.0,Mind,World B
2022-03-01,ITA_gestione_emozioni.csv,ITA,Gestione delle emozioni,68.0,Mind,World B
2022-04-01,ITA_gestione_emozioni.csv,ITA,Gestione delle emozioni,52.0,Mind,World B
2022-05-01,ITA_gestione_emozioni.csv,ITA,Gestione delle emozioni,62.0,Mind,World B
2022-06-01,ITA_gestione_emozioni.csv,ITA,Gestione delle emozioni,47.0,Mind,World B
2022-07-01,ITA_gestione_emozioni.csv,ITA,Gestione delle emozioni,0.0,Mind,World B
2022-08-01,ITA_gestione_emozioni.csv,ITA,Gestione delle emozioni,33.0,Mind,World B
2022-09-01,ITA_gestione_emozioni.csv,ITA,Gestione delle emozioni,33.0,Mind,World B
2022-10-01,ITA_gestione_emozioni.csv,ITA,Gestione delle emozioni,44.0,Mind,World B
2022-11-01,ITA_gestione_emozioni.csv,ITA,Gestione delle emozioni,48.0,Mind,World B
2022-12-01,ITA_gestione_emozioni.csv,ITA,Gestione delle emozioni,31.0,Mind,World B
2023-01-01,ITA_gestione_emozioni.csv,ITA,Gestione delle emozioni,34.0,Mind,World B
2023-02-01,ITA_gestione_emozioni.csv,ITA,Gestione delle emozioni,63.0,Mind,World B
2023-03-01,ITA_gestione_emozioni.csv,ITA,Gestione delle emozioni,55.0,Mind,World B
2023-04-01,ITA_gestione_emozioni.csv,ITA,Gestione delle emozioni,55.0,Mind,World B
2023-05-01,ITA_gestione_emozioni.csv,ITA,Gestione delle emozioni,67.0,Mind,World B
2023-06-01,ITA_gestione_emozioni.csv,ITA,Gestione delle emozioni,64.0,Mind,World B
2023-07-01,ITA_gestione_emozioni.csv,ITA,Gestione delle emozioni,36.0,Mind,World B
2023-08-01,ITA_gestione_emozioni.csv,ITA,Gestione delle emozioni,33.0,Mind,World B
2023-09-01,ITA_gestione_emozioni.csv,ITA,Gestione delle emozioni,39.0,Mind,World B
2023-10-01,ITA_gestione_emozioni.csv,ITA,Gestione delle emozioni,72.0,Mind,World B
2023-11-01,ITA_gestione_emozioni.csv,ITA,Gestione delle emozioni,81.0,Mind,World B
2023-12-01,ITA_gestione_emozioni.csv,ITA,Gestione delle emozioni,38.0,Mind,World B
2024-01-01,ITA_gestione_emozioni.csv,ITA,Gestione delle emozioni,60.0,Mind,World B
2024-02-01,ITA_gestione_emozioni.csv,ITA,Gestione delle emozioni,67.0,Mind,World B
2024-03-01,ITA_gestione_emozioni.csv,ITA,Gestione delle emozioni,65.0,Mind,World B
2024-04-01,ITA_gestione_emozioni.csv,ITA,Gestione delle emozioni,78.0,Mind,World B
2024-05-01,ITA_gestione_emozioni.csv,ITA,Gestione delle emozioni,69.0,Mind,World B
2024-06-01,ITA_gestione_emozioni.csv,ITA,Gestione delle emozioni,39.0,Mind,World B
2024-07-01,ITA_gestione_emozioni.csv,ITA,Gestione delle emozioni,35.0,Mind,World B
2024-08-01,ITA_gestione_emozioni.csv,ITA,Gestione delle emozioni,0.0,Mind,World B
2024-09-01,ITA_gestione_emozioni.csv,ITA,Gestione delle emozioni,44.0,Mind,World B
2024-10-01,ITA_gestione_emozioni.csv,ITA,Gestione delle emozioni,78.0,Mind,World B
2024-11-01,ITA_gestione_emozioni.csv,ITA,Gestione delle emozioni,99.0,Mind,World B
2024-12-01,ITA_gestione_emozioni.csv,ITA,Gestione delle emozioni,54.0,Mind,World B
2025-01-01,ITA_gestione_emozioni.csv,ITA,Gestione delle emozioni,65.0,Mind,World B
2025-02-01,ITA_gestione_emozioni.csv,ITA,Gestione delle emozioni,87.0,Mind,World B
2025-03-01,ITA_gestione_emozioni.csv,ITA,Gestione delle emozioni,64.0,Mind,World B
2025-04-01,ITA_gestione_emozioni.csv,ITA,Gestione delle emozioni,69.0,Mind,World B
2025-05-01,ITA_gestione_emozioni.csv,ITA,Gestione delle emozioni,81.0,Mind,World B
2025-06-01,ITA_gestione_emozioni.csv,ITA,Gestione delle emozioni,99.0,Mind,World B
2025-07-01,ITA_gestione_emozioni.csv,ITA,Gestione delle emozioni,48.0,Mind,World B
2025-08-01,ITA_gestione_emozioni.csv,ITA,Gestione delle emozioni,0.0,Mind,World B
2025-09-01,ITA_gestione_emozioni.csv,ITA,Gestione delle emozioni,56.0,Mind,World B
2025-10-01,ITA_gestione_emozioni.csv,ITA,Gestione delle emozioni,100.0,Mind,World B
2025-11-01,ITA_gestione_emozioni.csv,ITA,Gestione delle emozioni,91.0,Mind,World B
2025-12-01,ITA_gestione_emozioni.csv,ITA,Gestione delle emozioni,73.0,Mind,World B
2026-01-01,ITA_gestione_emozioni.csv,ITA,Gestione delle emozioni,38.0,Mind,World B
2026-02-01,ITA_gestione_emozioni.csv,ITA,Gestione delle emozioni,58.0,Mind,World B
2026-03-01,ITA_gestione_emozioni.csv,ITA,Gestione delle emozioni,78.0,Mind,World B
2026-04-01,ITA_gestione_emozioni.csv,ITA,Gestione delle emozioni,84.0,Mind,World B
2026-05-01,ITA_gestione_emozioni.csv,ITA,Gestione delle emozioni,50.0,Mind,World B
2021-05-01,ITA_gestione_tempo.csv,ITA,Gestione del tempo,23.0,Mind,World A
2021-06-01,ITA_gestione_tempo.csv,ITA,Gestione del tempo,18.0,Mind,World A
2021-07-01,ITA_gestione_tempo.csv,ITA,Gestione del tempo,17.0,Mind,World A
2021-08-01,ITA_gestione_tempo.csv,ITA,Gestione del tempo,13.0,Mind,World A
2021-09-01,ITA_gestione_tempo.csv,ITA,Gestione del tempo,19.0,Mind,World A
2021-10-01,ITA_gestione_tempo.csv,ITA,Gestione del tempo,26.0,Mind,World A
2021-11-01,ITA_gestione_tempo.csv,ITA,Gestione del tempo,26.0,Mind,World A
2021-12-01,ITA_gestione_tempo.csv,ITA,Gestione del tempo,21.0,Mind,World A
2022-01-01,ITA_gestione_tempo.csv,ITA,Gestione del tempo,34.0,Mind,World A
2022-02-01,ITA_gestione_tempo.csv,ITA,Gestione del tempo,38.0,Mind,World A
2022-03-01,ITA_gestione_tempo.csv,ITA,Gestione del tempo,36.0,Mind,World A
2022-04-01,ITA_gestione_tempo.csv,ITA,Gestione del tempo,29.0,Mind,World A
2022-05-01,ITA_gestione_tempo.csv,ITA,Gestione del tempo,35.0,Mind,World A
2022-06-01,ITA_gestione_tempo.csv,ITA,Gestione del tempo,19.0,Mind,World A
2022-07-01,ITA_gestione_tempo.csv,ITA,Gestione del tempo,25.0,Mind,World A
2022-08-01,ITA_gestione_tempo.csv,ITA,Gestione del tempo,16.0,Mind,World A
2022-09-01,ITA_gestione_tempo.csv,ITA,Gestione del tempo,30.0,Mind,World A
2022-10-01,ITA_gestione_tempo.csv,ITA,Gestione del tempo,30.0,Mind,World A
2022-11-01,ITA_gestione_tempo.csv,ITA,Gestione del tempo,30.0,Mind,World A
2022-12-01,ITA_gestione_tempo.csv,ITA,Gestione del tempo,37.0,Mind,World A
2023-01-01,ITA_gestione_tempo.csv,ITA,Gestione del tempo,32.0,Mind,World A
2023-02-01,ITA_gestione_tempo.csv,ITA,Gestione del tempo,26.0,Mind,World A
2023-03-01,ITA_gestione_tempo.csv,ITA,Gestione del tempo,29.0,Mind,World A
2023-04-01,ITA_gestione_tempo.csv,ITA,Gestione del tempo,40.0,Mind,World A
2023-05-01,ITA_gestione_tempo.csv,ITA,Gestione del tempo,36.0,Mind,World A
2023-06-01,ITA_gestione_tempo.csv,ITA,Gestione del tempo,29.0,Mind,World A
2023-07-01,ITA_gestione_tempo.csv,ITA,Gestione del tempo,25.0,Mind,World A
2023-08-01,ITA_gestione_tempo.csv,ITA,Gestione del tempo,23.0,Mind,World A
2023-09-01,ITA_gestione_tempo.csv,ITA,Gestione del tempo,31.0,Mind,World A
2023-10-01,ITA_gestione_tempo.csv,ITA,Gestione del tempo,32.0,Mind,World A
2023-11-01,ITA_gestione_tempo.csv,ITA,Gestione del tempo,45.0,Mind,World A
2023-12-01,ITA_gestione_tempo.csv,ITA,Gestione del tempo,37.0,Mind,World A
2024-01-01,ITA_gestione_tempo.csv,ITA,Gestione del tempo,31.0,Mind,World A
2024-02-01,ITA_gestione_tempo.csv,ITA,Gestione del tempo,36.0,Mind,World A
2024-03-01,ITA_gestione_tempo.csv,ITA,Gestione del tempo,39.0,Mind,World A
2024-04-01,ITA_gestione_tempo.csv,ITA,Gestione del tempo,42.0,Mind,World A
2024-05-01,ITA_gestione_tempo.csv,ITA,Gestione del tempo,38.0,Mind,World A
2024-06-01,ITA_gestione_tempo.csv,ITA,Gestione del tempo,47.0,Mind,World A
2024-07-01,ITA_gestione_tempo.csv,ITA,Gestione del tempo,34.0,Mind,World A
2024-08-01,ITA_gestione_tempo.csv,ITA,Gestione del tempo,28.0,Mind,World A
2024-09-01,ITA_gestione_tempo.csv,ITA,Gestione del tempo,36.0,Mind,World A
2024-10-01,ITA_gestione_tempo.csv,ITA,Gestione del tempo,62.0,Mind,World A
2024-11-01,ITA_gestione_tempo.csv,ITA,Gestione del tempo,50.0,Mind,World A
2024-12-01,ITA_gestione_tempo.csv,ITA,Gestione del tempo,35.0,Mind,World A
2025-01-01,ITA_gestione_tempo.csv,ITA,Gestione del tempo,38.0,Mind,World A
2025-02-01,ITA_gestione_tempo.csv,ITA,Gestione del tempo,52.0,Mind,World A
2025-03-01,ITA_gestione_tempo.csv,ITA,Gestione del tempo,45.0,Mind,World A
2025-04-01,ITA_gestione_tempo.csv,ITA,Gestione del tempo,45.0,Mind,World A
2025-05-01,ITA_gestione_tempo.csv,ITA,Gestione del tempo,45.0,Mind,World A
2025-06-01,ITA_gestione_tempo.csv,ITA,Gestione del tempo,59.0,Mind,World A
2025-07-01,ITA_gestione_tempo.csv,ITA,Gestione del tempo,51.0,Mind,World A
2025-08-01,ITA_gestione_tempo.csv,ITA,Gestione del tempo,52.0,Mind,World A
2025-09-01,ITA_gestione_tempo.csv,ITA,Gestione del tempo,67.0,Mind,World A
2025-10-01,ITA_gestione_tempo.csv,ITA,Gestione del tempo,76.0,Mind,World A
2025-11-01,ITA_gestione_tempo.csv,ITA,Gestione del tempo,92.0,Mind,World A
2025-12-01,ITA_gestione_tempo.csv,ITA,Gestione del tempo,84.0,Mind,World A
2026-01-01,ITA_gestione_tempo.csv,ITA,Gestione del tempo,71.0,Mind,World A
2026-02-01,ITA_gestione_tempo.csv,ITA,Gestione del tempo,68.0,Mind,World A
2026-03-01,ITA_gestione_tempo.csv,ITA,Gestione del tempo,85.0,Mind,World A
2026-04-01,ITA_gestione_tempo.csv,ITA,Gestione del tempo,100.0,Mind,World A
2026-05-01,ITA_gestione_tempo.csv,ITA,Gestione del tempo,88.0,Mind,World A
2021-05-01,ITA_inclusione_sociale.csv,ITA,Inclusione sociale,20.0,Inclusion,World B
2021-06-01,ITA_inclusione_sociale.csv,ITA,Inclusione sociale,20.0,Inclusion,World B
2021-07-01,ITA_inclusione_sociale.csv,ITA,Inclusione sociale,15.0,Inclusion,World B
2021-08-01,ITA_inclusione_sociale.csv,ITA,Inclusione sociale,11.0,Inclusion,World B
2021-09-01,ITA_inclusione_sociale.csv,ITA,Inclusione sociale,18.0,Inclusion,World B
2021-10-01,ITA_inclusione_sociale.csv,ITA,Inclusione sociale,18.0,Inclusion,World B
2021-11-01,ITA_inclusione_sociale.csv,ITA,Inclusione sociale,20.0,Inclusion,World B
2021-12-01,ITA_inclusione_sociale.csv,ITA,Inclusione sociale,18.0,Inclusion,World B
2022-01-01,ITA_inclusione_sociale.csv,ITA,Inclusione sociale,24.0,Inclusion,World B
2022-02-01,ITA_inclusione_sociale.csv,ITA,Inclusione sociale,25.0,Inclusion,World B
2022-03-01,ITA_inclusione_sociale.csv,ITA,Inclusione sociale,33.0,Inclusion,World B
2022-04-01,ITA_inclusione_sociale.csv,ITA,Inclusione sociale,33.0,Inclusion,World B
2022-05-01,ITA_inclusione_sociale.csv,ITA,Inclusione sociale,37.0,Inclusion,World B
2022-06-01,ITA_inclusione_sociale.csv,ITA,Inclusione sociale,27.0,Inclusion,World B
2022-07-01,ITA_inclusione_sociale.csv,ITA,Inclusione sociale,20.0,Inclusion,World B
2022-08-01,ITA_inclusione_sociale.csv,ITA,Inclusione sociale,14.0,Inclusion,World B
2022-09-01,ITA_inclusione_sociale.csv,ITA,Inclusione sociale,21.0,Inclusion,World B
2022-10-01,ITA_inclusione_sociale.csv,ITA,Inclusione sociale,21.0,Inclusion,World B
2022-11-01,ITA_inclusione_sociale.csv,ITA,Inclusione sociale,25.0,Inclusion,World B
2022-12-01,ITA_inclusione_sociale.csv,ITA,Inclusione sociale,19.0,Inclusion,World B
2023-01-01,ITA_inclusione_sociale.csv,ITA,Inclusione sociale,22.0,Inclusion,World B
2023-02-01,ITA_inclusione_sociale.csv,ITA,Inclusione sociale,25.0,Inclusion,World B
2023-03-01,ITA_inclusione_sociale.csv,ITA,Inclusione sociale,38.0,Inclusion,World B
2023-04-01,ITA_inclusione_sociale.csv,ITA,Inclusione sociale,29.0,Inclusion,World B
2023-05-01,ITA_inclusione_sociale.csv,ITA,Inclusione sociale,42.0,Inclusion,World B
2023-06-01,ITA_inclusione_sociale.csv,ITA,Inclusione sociale,37.0,Inclusion,World B
2023-07-01,ITA_inclusione_sociale.csv,ITA,Inclusione sociale,35.0,Inclusion,World B
2023-08-01,ITA_inclusione_sociale.csv,ITA,Inclusione sociale,31.0,Inclusion,World B
2023-09-01,ITA_inclusione_sociale.csv,ITA,Inclusione sociale,34.0,Inclusion,World B
2023-10-01,ITA_inclusione_sociale.csv,ITA,Inclusione sociale,30.0,Inclusion,World B
2023-11-01,ITA_inclusione_sociale.csv,ITA,Inclusione sociale,37.0,Inclusion,World B
2023-12-01,ITA_inclusione_sociale.csv,ITA,Inclusione sociale,78.0,Inclusion,World B
2024-01-01,ITA_inclusione_sociale.csv,ITA,Inclusione sociale,100.0,Inclusion,World B
2024-02-01,ITA_inclusione_sociale.csv,ITA,Inclusione sociale,79.0,Inclusion,World B
2024-03-01,ITA_inclusione_sociale.csv,ITA,Inclusione sociale,65.0,Inclusion,World B
2024-04-01,ITA_inclusione_sociale.csv,ITA,Inclusione sociale,54.0,Inclusion,World B
2024-05-01,ITA_inclusione_sociale.csv,ITA,Inclusione sociale,52.0,Inclusion,World B
2024-06-01,ITA_inclusione_sociale.csv,ITA,Inclusione sociale,44.0,Inclusion,World B
2024-07-01,ITA_inclusione_sociale.csv,ITA,Inclusione sociale,36.0,Inclusion,World B
2024-08-01,ITA_inclusione_sociale.csv,ITA,Inclusione sociale,25.0,Inclusion,World B
2024-09-01,ITA_inclusione_sociale.csv,ITA,Inclusione sociale,35.0,Inclusion,World B
2024-10-01,ITA_inclusione_sociale.csv,ITA,Inclusione sociale,42.0,Inclusion,World B
2024-11-01,ITA_inclusione_sociale.csv,ITA,Inclusione sociale,34.0,Inclusion,World B
2024-12-01,ITA_inclusione_sociale.csv,ITA,Inclusione sociale,37.0,Inclusion,World B
2025-01-01,ITA_inclusione_sociale.csv,ITA,Inclusione sociale,45.0,Inclusion,World B
2025-02-01,ITA_inclusione_sociale.csv,ITA,Inclusione sociale,44.0,Inclusion,World B
2025-03-01,ITA_inclusione_sociale.csv,ITA,Inclusione sociale,48.0,Inclusion,World B
2025-04-01,ITA_inclusione_sociale.csv,ITA,Inclusione sociale,42.0,Inclusion,World B
2025-05-01,ITA_inclusione_sociale.csv,ITA,Inclusione sociale,51.0,Inclusion,World B
2025-06-01,ITA_inclusione_sociale.csv,ITA,Inclusione sociale,70.0,Inclusion,World B
2025-07-01,ITA_inclusione_sociale.csv,ITA,Inclusione sociale,51.0,Inclusion,World B
2025-08-01,ITA_inclusione_sociale.csv,ITA,Inclusione sociale,35.0,Inclusion,World B
2025-09-01,ITA_inclusione_sociale.csv,ITA,Inclusione sociale,50.0,Inclusion,World B
2025-10-01,ITA_inclusione_sociale.csv,ITA,Inclusione sociale,51.0,Inclusion,World B
2025-11-01,ITA_inclusione_sociale.csv,ITA,Inclusione sociale,52.0,Inclusion,World B
2025-12-01,ITA_inclusione_sociale.csv,ITA,Inclusione sociale,40.0,Inclusion,World B
2026-01-01,ITA_inclusione_sociale.csv,ITA,Inclusione sociale,55.0,Inclusion,World B
2026-02-01,ITA_inclusione_sociale.csv,ITA,Inclusione sociale,53.0,Inclusion,World B
2026-03-01,ITA_inclusione_sociale.csv,ITA,Inclusione sociale,52.0,Inclusion,World B
2026-04-01,ITA_inclusione_sociale.csv,ITA,Inclusione sociale,61.0,Inclusion,World B
2026-05-01,ITA_inclusione_sociale.csv,ITA,Inclusione sociale,44.0,Inclusion,World B
2021-05-01,ITA_pilates.csv.csv,ITA,Pilates,20.0,Body,World B
2021-06-01,ITA_pilates.csv.csv,ITA,Pilates,18.0,Body,World B
2021-07-01,ITA_pilates.csv.csv,ITA,Pilates,19.0,Body,World B
2021-08-01,ITA_pilates.csv.csv,ITA,Pilates,20.0,Body,World B
2021-09-01,ITA_pilates.csv.csv,ITA,Pilates,41.0,Body,World B
2021-10-01,ITA_pilates.csv.csv,ITA,Pilates,35.0,Body,World B
2021-11-01,ITA_pilates.csv.csv,ITA,Pilates,29.0,Body,World B
2021-12-01,ITA_pilates.csv.csv,ITA,Pilates,20.0,Body,World B
2022-01-01,ITA_pilates.csv.csv,ITA,Pilates,30.0,Body,World B
2022-02-01,ITA_pilates.csv.csv,ITA,Pilates,33.0,Body,World B
2022-03-01,ITA_pilates.csv.csv,ITA,Pilates,33.0,Body,World B
2022-04-01,ITA_pilates.csv.csv,ITA,Pilates,29.0,Body,World B
2022-05-01,ITA_pilates.csv.csv,ITA,Pilates,26.0,Body,World B
2022-06-01,ITA_pilates.csv.csv,ITA,Pilates,22.0,Body,World B
2022-07-01,ITA_pilates.csv.csv,ITA,Pilates,20.0,Body,World B
2022-08-01,ITA_pilates.csv.csv,ITA,Pilates,28.0,Body,World B
2022-09-01,ITA_pilates.csv.csv,ITA,Pilates,49.0,Body,World B
2022-10-01,ITA_pilates.csv.csv,ITA,Pilates,47.0,Body,World B
2022-11-01,ITA_pilates.csv.csv,ITA,Pilates,41.0,Body,World B
2022-12-01,ITA_pilates.csv.csv,ITA,Pilates,30.0,Body,World B
2023-01-01,ITA_pilates.csv.csv,ITA,Pilates,55.0,Body,World B
2023-02-01,ITA_pilates.csv.csv,ITA,Pilates,47.0,Body,World B
2023-03-01,ITA_pilates.csv.csv,ITA,Pilates,49.0,Body,World B
2023-04-01,ITA_pilates.csv.csv,ITA,Pilates,41.0,Body,World B
2023-05-01,ITA_pilates.csv.csv,ITA,Pilates,39.0,Body,World B
2023-06-01,ITA_pilates.csv.csv,ITA,Pilates,35.0,Body,World B
2023-07-01,ITA_pilates.csv.csv,ITA,Pilates,31.0,Body,World B
2023-08-01,ITA_pilates.csv.csv,ITA,Pilates,44.0,Body,World B
2023-09-01,ITA_pilates.csv.csv,ITA,Pilates,67.0,Body,World B
2023-10-01,ITA_pilates.csv.csv,ITA,Pilates,56.0,Body,World B
2023-11-01,ITA_pilates.csv.csv,ITA,Pilates,43.0,Body,World B
2023-12-01,ITA_pilates.csv.csv,ITA,Pilates,31.0,Body,World B
2024-01-01,ITA_pilates.csv.csv,ITA,Pilates,59.0,Body,World B
2024-02-01,ITA_pilates.csv.csv,ITA,Pilates,52.0,Body,World B
2024-03-01,ITA_pilates.csv.csv,ITA,Pilates,49.0,Body,World B
2024-04-01,ITA_pilates.csv.csv,ITA,Pilates,43.0,Body,World B
2024-05-01,ITA_pilates.csv.csv,ITA,Pilates,43.0,Body,World B
2024-06-01,ITA_pilates.csv.csv,ITA,Pilates,38.0,Body,World B
2024-07-01,ITA_pilates.csv.csv,ITA,Pilates,35.0,Body,World B
2024-08-01,ITA_pilates.csv.csv,ITA,Pilates,43.0,Body,World B
2024-09-01,ITA_pilates.csv.csv,ITA,Pilates,76.0,Body,World B
2024-10-01,ITA_pilates.csv.csv,ITA,Pilates,68.0,Body,World B
2024-11-01,ITA_pilates.csv.csv,ITA,Pilates,56.0,Body,World B
2024-12-01,ITA_pilates.csv.csv,ITA,Pilates,40.0,Body,World B
2025-01-01,ITA_pilates.csv.csv,ITA,Pilates,71.0,Body,World B
2025-02-01,ITA_pilates.csv.csv,ITA,Pilates,65.0,Body,World B
2025-03-01,ITA_pilates.csv.csv,ITA,Pilates,67.0,Body,World B
2025-04-01,ITA_pilates.csv.csv,ITA,Pilates,56.0,Body,World B
2025-05-01,ITA_pilates.csv.csv,ITA,Pilates,51.0,Body,World B
2025-06-01,ITA_pilates.csv.csv,ITA,Pilates,46.0,Body,World B
2025-07-01,ITA_pilates.csv.csv,ITA,Pilates,48.0,Body,World B
2025-08-01,ITA_pilates.csv.csv,ITA,Pilates,58.0,Body,World B
2025-09-01,ITA_pilates.csv.csv,ITA,Pilates,100.0,Body,World B
2025-10-01,ITA_pilates.csv.csv,ITA,Pilates,76.0,Body,World B
2025-11-01,ITA_pilates.csv.csv,ITA,Pilates,66.0,Body,World B
2025-12-01,ITA_pilates.csv.csv,ITA,Pilates,49.0,Body,World B
2026-01-01,ITA_pilates.csv.csv,ITA,Pilates,79.0,Body,World B
2026-02-01,ITA_pilates.csv.csv,ITA,Pilates,72.0,Body,World B
2026-03-01,ITA_pilates.csv.csv,ITA,Pilates,69.0,Body,World B
2026-04-01,ITA_pilates.csv.csv,ITA,Pilates,59.0,Body,World B
2026-05-01,ITA_pilates.csv.csv,ITA,Pilates,63.0,Body,World B
2021-05-01,USA_pilates.csv,USA,Pilates,22.0,Body,World B
2021-06-01,USA_pilates.csv,USA,Pilates,22.0,Body,World B
2021-07-01,USA_pilates.csv,USA,Pilates,22.0,Body,World B
2021-08-01,USA_pilates.csv,USA,Pilates,21.0,Body,World B
2021-09-01,USA_pilates.csv,USA,Pilates,21.0,Body,World B
2021-10-01,USA_pilates.csv,USA,Pilates,21.0,Body,World B
2021-11-01,USA_pilates.csv,USA,Pilates,20.0,Body,World B
2021-12-01,USA_pilates.csv,USA,Pilates,21.0,Body,World B
2022-01-01,USA_pilates.csv,USA,Pilates,27.0,Body,World B
2022-02-01,USA_pilates.csv,USA,Pilates,27.0,Body,World B
2022-03-01,USA_pilates.csv,USA,Pilates,28.0,Body,World B
2022-04-01,USA_pilates.csv,USA,Pilates,29.0,Body,World B
2022-05-01,USA_pilates.csv,USA,Pilates,36.0,Body,World B
2022-06-01,USA_pilates.csv,USA,Pilates,39.0,Body,World B
2022-07-01,USA_pilates.csv,USA,Pilates,35.0,Body,World B
2022-08-01,USA_pilates.csv,USA,Pilates,36.0,Body,World B
2022-09-01,USA_pilates.csv,USA,Pilates,30.0,Body,World B
2022-10-01,USA_pilates.csv,USA,Pilates,29.0,Body,World B
2022-11-01,USA_pilates.csv,USA,Pilates,31.0,Body,World B
2022-12-01,USA_pilates.csv,USA,Pilates,34.0,Body,World B
2023-01-01,USA_pilates.csv,USA,Pilates,53.0,Body,World B
2023-02-01,USA_pilates.csv,USA,Pilates,45.0,Body,World B
2023-03-01,USA_pilates.csv,USA,Pilates,43.0,Body,World B
2023-04-01,USA_pilates.csv,USA,Pilates,42.0,Body,World B
2023-05-01,USA_pilates.csv,USA,Pilates,46.0,Body,World B
2023-06-01,USA_pilates.csv,USA,Pilates,48.0,Body,World B
2023-07-01,USA_pilates.csv,USA,Pilates,49.0,Body,World B
2023-08-01,USA_pilates.csv,USA,Pilates,48.0,Body,World B
2023-09-01,USA_pilates.csv,USA,Pilates,43.0,Body,World B
2023-10-01,USA_pilates.csv,USA,Pilates,42.0,Body,World B
2023-11-01,USA_pilates.csv,USA,Pilates,42.0,Body,World B
2023-12-01,USA_pilates.csv,USA,Pilates,44.0,Body,World B
2024-01-01,USA_pilates.csv,USA,Pilates,63.0,Body,World B
2024-02-01,USA_pilates.csv,USA,Pilates,60.0,Body,World B
2024-03-01,USA_pilates.csv,USA,Pilates,57.0,Body,World B
2024-04-01,USA_pilates.csv,USA,Pilates,59.0,Body,World B
2024-05-01,USA_pilates.csv,USA,Pilates,60.0,Body,World B
2024-06-01,USA_pilates.csv,USA,Pilates,59.0,Body,World B
2024-07-01,USA_pilates.csv,USA,Pilates,61.0,Body,World B
2024-08-01,USA_pilates.csv,USA,Pilates,60.0,Body,World B
2024-09-01,USA_pilates.csv,USA,Pilates,59.0,Body,World B
2024-10-01,USA_pilates.csv,USA,Pilates,55.0,Body,World B
2024-11-01,USA_pilates.csv,USA,Pilates,63.0,Body,World B
2024-12-01,USA_pilates.csv,USA,Pilates,64.0,Body,World B
2025-01-01,USA_pilates.csv,USA,Pilates,80.0,Body,World B
2025-02-01,USA_pilates.csv,USA,Pilates,76.0,Body,World B
2025-03-01,USA_pilates.csv,USA,Pilates,76.0,Body,World B
2025-04-01,USA_pilates.csv,USA,Pilates,74.0,Body,World B
2025-05-01,USA_pilates.csv,USA,Pilates,75.0,Body,World B
2025-06-01,USA_pilates.csv,USA,Pilates,75.0,Body,World B
2025-07-01,USA_pilates.csv,USA,Pilates,83.0,Body,World B
2025-08-01,USA_pilates.csv,USA,Pilates,76.0,Body,World B
2025-09-01,USA_pilates.csv,USA,Pilates,69.0,Body,World B
2025-10-01,USA_pilates.csv,USA,Pilates,66.0,Body,World B
2025-11-01,USA_pilates.csv,USA,Pilates,66.0,Body,World B
2025-12-01,USA_pilates.csv,USA,Pilates,76.0,Body,World B
2026-01-01,USA_pilates.csv,USA,Pilates,100.0,Body,World B
2026-02-01,USA_pilates.csv,USA,Pilates,89.0,Body,World B
2026-03-01,USA_pilates.csv,USA,Pilates,88.0,Body,World B
2026-04-01,USA_pilates.csv,USA,Pilates,91.0,Body,World B
2026-05-01,USA_pilates.csv,USA,Pilates,85.0,Body,World B
2021-05-01,ITA_yoga.csv,ITA,Yoga,68.0,Body,World B
2021-06-01,ITA_yoga.csv,ITA,Yoga,70.0,Body,World B
2021-07-01,ITA_yoga.csv,ITA,Yoga,65.0,Body,World B
2021-08-01,ITA_yoga.csv,ITA,Yoga,68.0,Body,World B
2021-09-01,ITA_yoga.csv,ITA,Yoga,84.0,Body,World B
2021-10-01,ITA_yoga.csv,ITA,Yoga,73.0,Body,World B
2021-11-01,ITA_yoga.csv,ITA,Yoga,72.0,Body,World B
2021-12-01,ITA_yoga.csv,ITA,Yoga,62.0,Body,World B
2022-01-01,ITA_yoga.csv,ITA,Yoga,74.0,Body,World B
2022-02-01,ITA_yoga.csv,ITA,Yoga,78.0,Body,World B
2022-03-01,ITA_yoga.csv,ITA,Yoga,77.0,Body,World B
2022-04-01,ITA_yoga.csv,ITA,Yoga,72.0,Body,World B
2022-05-01,ITA_yoga.csv,ITA,Yoga,72.0,Body,World B
2022-06-01,ITA_yoga.csv,ITA,Yoga,79.0,Body,World B
2022-07-01,ITA_yoga.csv,ITA,Yoga,69.0,Body,World B
2022-08-01,ITA_yoga.csv,ITA,Yoga,76.0,Body,World B
2022-09-01,ITA_yoga.csv,ITA,Yoga,87.0,Body,World B
2022-10-01,ITA_yoga.csv,ITA,Yoga,84.0,Body,World B
2022-11-01,ITA_yoga.csv,ITA,Yoga,79.0,Body,World B
2022-12-01,ITA_yoga.csv,ITA,Yoga,69.0,Body,World B
2023-01-01,ITA_yoga.csv,ITA,Yoga,89.0,Body,World B
2023-02-01,ITA_yoga.csv,ITA,Yoga,79.0,Body,World B
2023-03-01,ITA_yoga.csv,ITA,Yoga,86.0,Body,World B
2023-04-01,ITA_yoga.csv,ITA,Yoga,83.0,Body,World B
2023-05-01,ITA_yoga.csv,ITA,Yoga,74.0,Body,World B
2023-06-01,ITA_yoga.csv,ITA,Yoga,76.0,Body,World B
2023-07-01,ITA_yoga.csv,ITA,Yoga,72.0,Body,World B
2023-08-01,ITA_yoga.csv,ITA,Yoga,79.0,Body,World B
2023-09-01,ITA_yoga.csv,ITA,Yoga,100.0,Body,World B
2023-10-01,ITA_yoga.csv,ITA,Yoga,91.0,Body,World B
2023-11-01,ITA_yoga.csv,ITA,Yoga,82.0,Body,World B
2023-12-01,ITA_yoga.csv,ITA,Yoga,80.0,Body,World B
2024-01-01,ITA_yoga.csv,ITA,Yoga,97.0,Body,World B
2024-02-01,ITA_yoga.csv,ITA,Yoga,91.0,Body,World B
2024-03-01,ITA_yoga.csv,ITA,Yoga,94.0,Body,World B
2024-04-01,ITA_yoga.csv,ITA,Yoga,82.0,Body,World B
2024-05-01,ITA_yoga.csv,ITA,Yoga,80.0,Body,World B
2024-06-01,ITA_yoga.csv,ITA,Yoga,78.0,Body,World B
2024-07-01,ITA_yoga.csv,ITA,Yoga,69.0,Body,World B
2024-08-01,ITA_yoga.csv,ITA,Yoga,79.0,Body,World B
2024-09-01,ITA_yoga.csv,ITA,Yoga,92.0,Body,World B
2024-10-01,ITA_yoga.csv,ITA,Yoga,86.0,Body,World B
2024-11-01,ITA_yoga.csv,ITA,Yoga,82.0,Body,World B
2024-12-01,ITA_yoga.csv,ITA,Yoga,68.0,Body,World B
2025-01-01,ITA_yoga.csv,ITA,Yoga,89.0,Body,World B
2025-02-01,ITA_yoga.csv,ITA,Yoga,80.0,Body,World B
2025-03-01,ITA_yoga.csv,ITA,Yoga,88.0,Body,World B
2025-04-01,ITA_yoga.csv,ITA,Yoga,79.0,Body,World B
2025-05-01,ITA_yoga.csv,ITA,Yoga,82.0,Body,World B
2025-06-01,ITA_yoga.csv,ITA,Yoga,83.0,Body,World B
2025-07-01,ITA_yoga.csv,ITA,Yoga,77.0,Body,World B
2025-08-01,ITA_yoga.csv,ITA,Yoga,90.0,Body,World B
2025-09-01,ITA_yoga.csv,ITA,Yoga,96.0,Body,World B
2025-10-01,ITA_yoga.csv,ITA,Yoga,82.0,Body,World B
2025-11-01,ITA_yoga.csv,ITA,Yoga,81.0,Body,World B
2025-12-01,ITA_yoga.csv,ITA,Yoga,74.0,Body,World B
2026-01-01,ITA_yoga.csv,ITA,Yoga,87.0,Body,World B
2026-02-01,ITA_yoga.csv,ITA,Yoga,95.0,Body,World B
2026-03-01,ITA_yoga.csv,ITA,Yoga,82.0,Body,World B
2026-04-01,ITA_yoga.csv,ITA,Yoga,75.0,Body,World B
2026-05-01,ITA_yoga.csv,ITA,Yoga,71.0,Body,World B
2021-05-01,USA_yoga.csv,USA,Yoga,45.0,Body,World B
2021-06-01,USA_yoga.csv,USA,Yoga,48.0,Body,World B
2021-07-01,USA_yoga.csv,USA,Yoga,48.0,Body,World B
2021-08-01,USA_yoga.csv,USA,Yoga,45.0,Body,World B
2021-09-01,USA_yoga.csv,USA,Yoga,44.0,Body,World B
2021-10-01,USA_yoga.csv,USA,Yoga,43.0,Body,World B
2021-11-01,USA_yoga.csv,USA,Yoga,47.0,Body,World B
2021-12-01,USA_yoga.csv,USA,Yoga,45.0,Body,World B
2022-01-01,USA_yoga.csv,USA,Yoga,53.0,Body,World B
2022-02-01,USA_yoga.csv,USA,Yoga,52.0,Body,World B
2022-03-01,USA_yoga.csv,USA,Yoga,50.0,Body,World B
2022-04-01,USA_yoga.csv,USA,Yoga,49.0,Body,World B
2022-05-01,USA_yoga.csv,USA,Yoga,46.0,Body,World B
2022-06-01,USA_yoga.csv,USA,Yoga,50.0,Body,World B
2022-07-01,USA_yoga.csv,USA,Yoga,49.0,Body,World B
2022-08-01,USA_yoga.csv,USA,Yoga,49.0,Body,World B
2022-09-01,USA_yoga.csv,USA,Yoga,46.0,Body,World B
2022-10-01,USA_yoga.csv,USA,Yoga,45.0,Body,World B
2022-11-01,USA_yoga.csv,USA,Yoga,47.0,Body,World B
2022-12-01,USA_yoga.csv,USA,Yoga,50.0,Body,World B
2023-01-01,USA_yoga.csv,USA,Yoga,58.0,Body,World B
2023-02-01,USA_yoga.csv,USA,Yoga,55.0,Body,World B
2023-03-01,USA_yoga.csv,USA,Yoga,53.0,Body,World B
2023-04-01,USA_yoga.csv,USA,Yoga,49.0,Body,World B
2023-05-01,USA_yoga.csv,USA,Yoga,48.0,Body,World B
2023-06-01,USA_yoga.csv,USA,Yoga,51.0,Body,World B
2023-07-01,USA_yoga.csv,USA,Yoga,51.0,Body,World B
2023-08-01,USA_yoga.csv,USA,Yoga,49.0,Body,World B
2023-09-01,USA_yoga.csv,USA,Yoga,49.0,Body,World B
2023-10-01,USA_yoga.csv,USA,Yoga,45.0,Body,World B
2023-11-01,USA_yoga.csv,USA,Yoga,48.0,Body,World B
2023-12-01,USA_yoga.csv,USA,Yoga,48.0,Body,World B
2024-01-01,USA_yoga.csv,USA,Yoga,58.0,Body,World B
2024-02-01,USA_yoga.csv,USA,Yoga,53.0,Body,World B
2024-03-01,USA_yoga.csv,USA,Yoga,49.0,Body,World B
2024-04-01,USA_yoga.csv,USA,Yoga,49.0,Body,World B
2024-05-01,USA_yoga.csv,USA,Yoga,48.0,Body,World B
2024-06-01,USA_yoga.csv,USA,Yoga,48.0,Body,World B
2024-07-01,USA_yoga.csv,USA,Yoga,49.0,Body,World B
2024-08-01,USA_yoga.csv,USA,Yoga,48.0,Body,World B
2024-09-01,USA_yoga.csv,USA,Yoga,45.0,Body,World B
2024-10-01,USA_yoga.csv,USA,Yoga,43.0,Body,World B
2024-11-01,USA_yoga.csv,USA,Yoga,51.0,Body,World B
2024-12-01,USA_yoga.csv,USA,Yoga,51.0,Body,World B
2025-01-01,USA_yoga.csv,USA,Yoga,57.0,Body,World B
2025-02-01,USA_yoga.csv,USA,Yoga,55.0,Body,World B
2025-03-01,USA_yoga.csv,USA,Yoga,49.0,Body,World B
2025-04-01,USA_yoga.csv,USA,Yoga,49.0,Body,World B
2025-05-01,USA_yoga.csv,USA,Yoga,51.0,Body,World B
2025-06-01,USA_yoga.csv,USA,Yoga,54.0,Body,World B
2025-07-01,USA_yoga.csv,USA,Yoga,84.0,Body,World B
2025-08-01,USA_yoga.csv,USA,Yoga,54.0,Body,World B
2025-09-01,USA_yoga.csv,USA,Yoga,48.0,Body,World B
2025-10-01,USA_yoga.csv,USA,Yoga,45.0,Body,World B
2025-11-01,USA_yoga.csv,USA,Yoga,49.0,Body,World B
2025-12-01,USA_yoga.csv,USA,Yoga,51.0,Body,World B
2026-01-01,USA_yoga.csv,USA,Yoga,56.0,Body,World B
2026-02-01,USA_yoga.csv,USA,Yoga,65.0,Body,World B
2026-03-01,USA_yoga.csv,USA,Yoga,63.0,Body,World B
2026-04-01,USA_yoga.csv,USA,Yoga,100.0,Body,World B
2026-05-01,USA_yoga.csv,USA,Yoga,77.0,Body,World B
2021-05-01,USA_body_transformation.csv,USA,Body transformation,67.0,Body,World A
2021-06-01,USA_body_transformation.csv,USA,Body transformation,61.0,Body,World A
2021-07-01,USA_body_transformation.csv,USA,Body transformation,55.0,Body,World A
2021-08-01,USA_body_transformation.csv,USA,Body transformation,51.0,Body,World A
2021-09-01,USA_body_transformation.csv,USA,Body transformation,52.0,Body,World A
2021-10-01,USA_body_transformation.csv,USA,Body transformation,50.0,Body,World A
2021-11-01,USA_body_transformation.csv,USA,Body transformation,48.0,Body,World A
2021-12-01,USA_body_transformation.csv,USA,Body transformation,52.0,Body,World A
2022-01-01,USA_body_transformation.csv,USA,Body transformation,60.0,Body,World A
2022-02-01,USA_body_transformation.csv,USA,Body transformation,59.0,Body,World A
2022-03-01,USA_body_transformation.csv,USA,Body transformation,65.0,Body,World A
2022-04-01,USA_body_transformation.csv,USA,Body transformation,60.0,Body,World A
2022-05-01,USA_body_transformation.csv,USA,Body transformation,60.0,Body,World A
2022-06-01,USA_body_transformation.csv,USA,Body transformation,55.0,Body,World A
2022-07-01,USA_body_transformation.csv,USA,Body transformation,56.0,Body,World A
2022-08-01,USA_body_transformation.csv,USA,Body transformation,52.0,Body,World A
2022-09-01,USA_body_transformation.csv,USA,Body transformation,51.0,Body,World A
2022-10-01,USA_body_transformation.csv,USA,Body transformation,49.0,Body,World A
2022-11-01,USA_body_transformation.csv,USA,Body transformation,49.0,Body,World A
2022-12-01,USA_body_transformation.csv,USA,Body transformation,49.0,Body,World A
2023-01-01,USA_body_transformation.csv,USA,Body transformation,58.0,Body,World A
2023-02-01,USA_body_transformation.csv,USA,Body transformation,52.0,Body,World A
2023-03-01,USA_body_transformation.csv,USA,Body transformation,55.0,Body,World A
2023-04-01,USA_body_transformation.csv,USA,Body transformation,51.0,Body,World A
2023-05-01,USA_body_transformation.csv,USA,Body transformation,49.0,Body,World A
2023-06-01,USA_body_transformation.csv,USA,Body transformation,50.0,Body,World A
2023-07-01,USA_body_transformation.csv,USA,Body transformation,49.0,Body,World A
2023-08-01,USA_body_transformation.csv,USA,Body transformation,45.0,Body,World A
2023-09-01,USA_body_transformation.csv,USA,Body transformation,43.0,Body,World A
2023-10-01,USA_body_transformation.csv,USA,Body transformation,47.0,Body,World A
2023-11-01,USA_body_transformation.csv,USA,Body transformation,44.0,Body,World A
2023-12-01,USA_body_transformation.csv,USA,Body transformation,43.0,Body,World A
2024-01-01,USA_body_transformation.csv,USA,Body transformation,49.0,Body,World A
2024-02-01,USA_body_transformation.csv,USA,Body transformation,48.0,Body,World A
2024-03-01,USA_body_transformation.csv,USA,Body transformation,46.0,Body,World A
2024-04-01,USA_body_transformation.csv,USA,Body transformation,46.0,Body,World A
2024-05-01,USA_body_transformation.csv,USA,Body transformation,46.0,Body,World A
2024-06-01,USA_body_transformation.csv,USA,Body transformation,40.0,Body,World A
2024-07-01,USA_body_transformation.csv,USA,Body transformation,38.0,Body,World A
2024-08-01,USA_body_transformation.csv,USA,Body transformation,36.0,Body,World A
2024-09-01,USA_body_transformation.csv,USA,Body transformation,36.0,Body,World A
2024-10-01,USA_body_transformation.csv,USA,Body transformation,39.0,Body,World A
2024-11-01,USA_body_transformation.csv,USA,Body transformation,40.0,Body,World A
2024-12-01,USA_body_transformation.csv,USA,Body transformation,38.0,Body,World A
2025-01-01,USA_body_transformation.csv,USA,Body transformation,49.0,Body,World A
2025-02-01,USA_body_transformation.csv,USA,Body transformation,47.0,Body,World A
2025-03-01,USA_body_transformation.csv,USA,Body transformation,48.0,Body,World A
2025-04-01,USA_body_transformation.csv,USA,Body transformation,47.0,Body,World A
2025-05-01,USA_body_transformation.csv,USA,Body transformation,48.0,Body,World A
2025-06-01,USA_body_transformation.csv,USA,Body transformation,58.0,Body,World A
2025-07-01,USA_body_transformation.csv,USA,Body transformation,79.0,Body,World A
2025-08-01,USA_body_transformation.csv,USA,Body transformation,52.0,Body,World A
2025-09-01,USA_body_transformation.csv,USA,Body transformation,53.0,Body,World A
2025-10-01,USA_body_transformation.csv,USA,Body transformation,52.0,Body,World A
2025-11-01,USA_body_transformation.csv,USA,Body transformation,57.0,Body,World A
2025-12-01,USA_body_transformation.csv,USA,Body transformation,66.0,Body,World A
2026-01-01,USA_body_transformation.csv,USA,Body transformation,80.0,Body,World A
2026-02-01,USA_body_transformation.csv,USA,Body transformation,100.0,Body,World A
2026-03-01,USA_body_transformation.csv,USA,Body transformation,85.0,Body,World A
2026-04-01,USA_body_transformation.csv,USA,Body transformation,98.0,Body,World A
2026-05-01,USA_body_transformation.csv,USA,Body transformation,71.0,Body,World A
2021-05-01,USA_emotional_regulation.csv,USA,Emotional regulation,9.0,Mind,World B
2021-06-01,USA_emotional_regulation.csv,USA,Emotional regulation,9.0,Mind,World B
2021-07-01,USA_emotional_regulation.csv,USA,Emotional regulation,9.0,Mind,World B
2021-08-01,USA_emotional_regulation.csv,USA,Emotional regulation,7.0,Mind,World B
2021-09-01,USA_emotional_regulation.csv,USA,Emotional regulation,12.0,Mind,World B
2021-10-01,USA_emotional_regulation.csv,USA,Emotional regulation,13.0,Mind,World B
2021-11-01,USA_emotional_regulation.csv,USA,Emotional regulation,13.0,Mind,World B
2021-12-01,USA_emotional_regulation.csv,USA,Emotional regulation,10.0,Mind,World B
2022-01-01,USA_emotional_regulation.csv,USA,Emotional regulation,13.0,Mind,World B
2022-02-01,USA_emotional_regulation.csv,USA,Emotional regulation,18.0,Mind,World B
2022-03-01,USA_emotional_regulation.csv,USA,Emotional regulation,19.0,Mind,World B
2022-04-01,USA_emotional_regulation.csv,USA,Emotional regulation,20.0,Mind,World B
2022-05-01,USA_emotional_regulation.csv,USA,Emotional regulation,16.0,Mind,World B
2022-06-01,USA_emotional_regulation.csv,USA,Emotional regulation,14.0,Mind,World B
2022-07-01,USA_emotional_regulation.csv,USA,Emotional regulation,13.0,Mind,World B
2022-08-01,USA_emotional_regulation.csv,USA,Emotional regulation,15.0,Mind,World B
2022-09-01,USA_emotional_regulation.csv,USA,Emotional regulation,19.0,Mind,World B
2022-10-01,USA_emotional_regulation.csv,USA,Emotional regulation,22.0,Mind,World B
2022-11-01,USA_emotional_regulation.csv,USA,Emotional regulation,22.0,Mind,World B
2022-12-01,USA_emotional_regulation.csv,USA,Emotional regulation,17.0,Mind,World B
2023-01-01,USA_emotional_regulation.csv,USA,Emotional regulation,19.0,Mind,World B
2023-02-01,USA_emotional_regulation.csv,USA,Emotional regulation,26.0,Mind,World B
2023-03-01,USA_emotional_regulation.csv,USA,Emotional regulation,24.0,Mind,World B
2023-04-01,USA_emotional_regulation.csv,USA,Emotional regulation,23.0,Mind,World B
2023-05-01,USA_emotional_regulation.csv,USA,Emotional regulation,22.0,Mind,World B
2023-06-01,USA_emotional_regulation.csv,USA,Emotional regulation,18.0,Mind,World B
2023-07-01,USA_emotional_regulation.csv,USA,Emotional regulation,18.0,Mind,World B
2023-08-01,USA_emotional_regulation.csv,USA,Emotional regulation,19.0,Mind,World B
2023-09-01,USA_emotional_regulation.csv,USA,Emotional regulation,24.0,Mind,World B
2023-10-01,USA_emotional_regulation.csv,USA,Emotional regulation,30.0,Mind,World B
2023-11-01,USA_emotional_regulation.csv,USA,Emotional regulation,27.0,Mind,World B
2023-12-01,USA_emotional_regulation.csv,USA,Emotional regulation,20.0,Mind,World B
2024-01-01,USA_emotional_regulation.csv,USA,Emotional regulation,24.0,Mind,World B
2024-02-01,USA_emotional_regulation.csv,USA,Emotional regulation,29.0,Mind,World B
2024-03-01,USA_emotional_regulation.csv,USA,Emotional regulation,28.0,Mind,World B
2024-04-01,USA_emotional_regulation.csv,USA,Emotional regulation,31.0,Mind,World B
2024-05-01,USA_emotional_regulation.csv,USA,Emotional regulation,26.0,Mind,World B
2024-06-01,USA_emotional_regulation.csv,USA,Emotional regulation,23.0,Mind,World B
2024-07-01,USA_emotional_regulation.csv,USA,Emotional regulation,24.0,Mind,World B
2024-08-01,USA_emotional_regulation.csv,USA,Emotional regulation,23.0,Mind,World B
2024-09-01,USA_emotional_regulation.csv,USA,Emotional regulation,31.0,Mind,World B
2024-10-01,USA_emotional_regulation.csv,USA,Emotional regulation,37.0,Mind,World B
2024-11-01,USA_emotional_regulation.csv,USA,Emotional regulation,34.0,Mind,World B
2024-12-01,USA_emotional_regulation.csv,USA,Emotional regulation,28.0,Mind,World B
2025-01-01,USA_emotional_regulation.csv,USA,Emotional regulation,29.0,Mind,World B
2025-02-01,USA_emotional_regulation.csv,USA,Emotional regulation,42.0,Mind,World B
2025-03-01,USA_emotional_regulation.csv,USA,Emotional regulation,39.0,Mind,World B
2025-04-01,USA_emotional_regulation.csv,USA,Emotional regulation,41.0,Mind,World B
2025-05-01,USA_emotional_regulation.csv,USA,Emotional regulation,34.0,Mind,World B
2025-06-01,USA_emotional_regulation.csv,USA,Emotional regulation,39.0,Mind,World B
2025-07-01,USA_emotional_regulation.csv,USA,Emotional regulation,46.0,Mind,World B
2025-08-01,USA_emotional_regulation.csv,USA,Emotional regulation,42.0,Mind,World B
2025-09-01,USA_emotional_regulation.csv,USA,Emotional regulation,50.0,Mind,World B
2025-10-01,USA_emotional_regulation.csv,USA,Emotional regulation,50.0,Mind,World B
2025-11-01,USA_emotional_regulation.csv,USA,Emotional regulation,56.0,Mind,World B
2025-12-01,USA_emotional_regulation.csv,USA,Emotional regulation,52.0,Mind,World B
2026-01-01,USA_emotional_regulation.csv,USA,Emotional regulation,55.0,Mind,World B
2026-02-01,USA_emotional_regulation.csv,USA,Emotional regulation,100.0,Mind,World B
2026-03-01,USA_emotional_regulation.csv,USA,Emotional regulation,87.0,Mind,World B
2026-04-01,USA_emotional_regulation.csv,USA,Emotional regulation,84.0,Mind,World B
2026-05-01,USA_emotional_regulation.csv,USA,Emotional regulation,64.0,Mind,World B
2021-05-01,USA_intuitive_eating.csv,USA,Intuitive eating,58.0,Body,World B
2021-06-01,USA_intuitive_eating.csv,USA,Intuitive eating,65.0,Body,World B
2021-07-01,USA_intuitive_eating.csv,USA,Intuitive eating,58.0,Body,World B
2021-08-01,USA_intuitive_eating.csv,USA,Intuitive eating,47.0,Body,World B
2021-09-01,USA_intuitive_eating.csv,USA,Intuitive eating,44.0,Body,World B
2021-10-01,USA_intuitive_eating.csv,USA,Intuitive eating,47.0,Body,World B
2021-11-01,USA_intuitive_eating.csv,USA,Intuitive eating,41.0,Body,World B
2021-12-01,USA_intuitive_eating.csv,USA,Intuitive eating,46.0,Body,World B
2022-01-01,USA_intuitive_eating.csv,USA,Intuitive eating,100.0,Body,World B
2022-02-01,USA_intuitive_eating.csv,USA,Intuitive eating,71.0,Body,World B
2022-03-01,USA_intuitive_eating.csv,USA,Intuitive eating,63.0,Body,World B
2022-04-01,USA_intuitive_eating.csv,USA,Intuitive eating,58.0,Body,World B
2022-05-01,USA_intuitive_eating.csv,USA,Intuitive eating,51.0,Body,World B
2022-06-01,USA_intuitive_eating.csv,USA,Intuitive eating,61.0,Body,World B
2022-07-01,USA_intuitive_eating.csv,USA,Intuitive eating,49.0,Body,World B
2022-08-01,USA_intuitive_eating.csv,USA,Intuitive eating,51.0,Body,World B
2022-09-01,USA_intuitive_eating.csv,USA,Intuitive eating,44.0,Body,World B
2022-10-01,USA_intuitive_eating.csv,USA,Intuitive eating,41.0,Body,World B
2022-11-01,USA_intuitive_eating.csv,USA,Intuitive eating,41.0,Body,World B
2022-12-01,USA_intuitive_eating.csv,USA,Intuitive eating,38.0,Body,World B
2023-01-01,USA_intuitive_eating.csv,USA,Intuitive eating,55.0,Body,World B
2023-02-01,USA_intuitive_eating.csv,USA,Intuitive eating,48.0,Body,World B
2023-03-01,USA_intuitive_eating.csv,USA,Intuitive eating,46.0,Body,World B
2023-04-01,USA_intuitive_eating.csv,USA,Intuitive eating,43.0,Body,World B
2023-05-01,USA_intuitive_eating.csv,USA,Intuitive eating,43.0,Body,World B
2023-06-01,USA_intuitive_eating.csv,USA,Intuitive eating,41.0,Body,World B
2023-07-01,USA_intuitive_eating.csv,USA,Intuitive eating,38.0,Body,World B
2023-08-01,USA_intuitive_eating.csv,USA,Intuitive eating,43.0,Body,World B
2023-09-01,USA_intuitive_eating.csv,USA,Intuitive eating,33.0,Body,World B
2023-10-01,USA_intuitive_eating.csv,USA,Intuitive eating,35.0,Body,World B
2023-11-01,USA_intuitive_eating.csv,USA,Intuitive eating,40.0,Body,World B
2023-12-01,USA_intuitive_eating.csv,USA,Intuitive eating,33.0,Body,World B
2024-01-01,USA_intuitive_eating.csv,USA,Intuitive eating,40.0,Body,World B
2024-02-01,USA_intuitive_eating.csv,USA,Intuitive eating,38.0,Body,World B
2024-03-01,USA_intuitive_eating.csv,USA,Intuitive eating,37.0,Body,World B
2024-04-01,USA_intuitive_eating.csv,USA,Intuitive eating,39.0,Body,World B
2024-05-01,USA_intuitive_eating.csv,USA,Intuitive eating,35.0,Body,World B
2024-06-01,USA_intuitive_eating.csv,USA,Intuitive eating,35.0,Body,World B
2024-07-01,USA_intuitive_eating.csv,USA,Intuitive eating,37.0,Body,World B
2024-08-01,USA_intuitive_eating.csv,USA,Intuitive eating,32.0,Body,World B
2024-09-01,USA_intuitive_eating.csv,USA,Intuitive eating,30.0,Body,World B
2024-10-01,USA_intuitive_eating.csv,USA,Intuitive eating,29.0,Body,World B
2024-11-01,USA_intuitive_eating.csv,USA,Intuitive eating,30.0,Body,World B
2024-12-01,USA_intuitive_eating.csv,USA,Intuitive eating,28.0,Body,World B
2025-01-01,USA_intuitive_eating.csv,USA,Intuitive eating,31.0,Body,World B
2025-02-01,USA_intuitive_eating.csv,USA,Intuitive eating,31.0,Body,World B
2025-03-01,USA_intuitive_eating.csv,USA,Intuitive eating,30.0,Body,World B
2025-04-01,USA_intuitive_eating.csv,USA,Intuitive eating,31.0,Body,World B
2025-05-01,USA_intuitive_eating.csv,USA,Intuitive eating,28.0,Body,World B
2025-06-01,USA_intuitive_eating.csv,USA,Intuitive eating,29.0,Body,World B
2025-07-01,USA_intuitive_eating.csv,USA,Intuitive eating,30.0,Body,World B
2025-08-01,USA_intuitive_eating.csv,USA,Intuitive eating,26.0,Body,World B
2025-09-01,USA_intuitive_eating.csv,USA,Intuitive eating,25.0,Body,World B
2025-10-01,USA_intuitive_eating.csv,USA,Intuitive eating,31.0,Body,World B
2025-11-01,USA_intuitive_eating.csv,USA,Intuitive eating,23.0,Body,World B
2025-12-01,USA_intuitive_eating.csv,USA,Intuitive eating,23.0,Body,World B
2026-01-01,USA_intuitive_eating.csv,USA,Intuitive eating,25.0,Body,World B
2026-02-01,USA_intuitive_eating.csv,USA,Intuitive eating,30.0,Body,World B
2026-03-01,USA_intuitive_eating.csv,USA,Intuitive eating,35.0,Body,World B
2026-04-01,USA_intuitive_eating.csv,USA,Intuitive eating,32.0,Body,World B
2026-05-01,USA_intuitive_eating.csv,USA,Intuitive eating,25.0,Body,World B
2021-05-01,USA_muscle_definition.csv,USA,Muscle definition,37.0,Body,World A
2021-06-01,USA_muscle_definition.csv,USA,Muscle definition,31.0,Body,World A
2021-07-01,USA_muscle_definition.csv,USA,Muscle definition,25.0,Body,World A
2021-08-01,USA_muscle_definition.csv,USA,Muscle definition,26.0,Body,World A
2021-09-01,USA_muscle_definition.csv,USA,Muscle definition,44.0,Body,World A
2021-10-01,USA_muscle_definition.csv,USA,Muscle definition,45.0,Body,World A
2021-11-01,USA_muscle_definition.csv,USA,Muscle definition,43.0,Body,World A
2021-12-01,USA_muscle_definition.csv,USA,Muscle definition,30.0,Body,World A
2022-01-01,USA_muscle_definition.csv,USA,Muscle definition,43.0,Body,World A
2022-02-01,USA_muscle_definition.csv,USA,Muscle definition,53.0,Body,World A
2022-03-01,USA_muscle_definition.csv,USA,Muscle definition,54.0,Body,World A
2022-04-01,USA_muscle_definition.csv,USA,Muscle definition,54.0,Body,World A
2022-05-01,USA_muscle_definition.csv,USA,Muscle definition,46.0,Body,World A
2022-06-01,USA_muscle_definition.csv,USA,Muscle definition,34.0,Body,World A
2022-07-01,USA_muscle_definition.csv,USA,Muscle definition,29.0,Body,World A
2022-08-01,USA_muscle_definition.csv,USA,Muscle definition,32.0,Body,World A
2022-09-01,USA_muscle_definition.csv,USA,Muscle definition,51.0,Body,World A
2022-10-01,USA_muscle_definition.csv,USA,Muscle definition,58.0,Body,World A
2022-11-01,USA_muscle_definition.csv,USA,Muscle definition,52.0,Body,World A
2022-12-01,USA_muscle_definition.csv,USA,Muscle definition,43.0,Body,World A
2023-01-01,USA_muscle_definition.csv,USA,Muscle definition,46.0,Body,World A
2023-02-01,USA_muscle_definition.csv,USA,Muscle definition,56.0,Body,World A
2023-03-01,USA_muscle_definition.csv,USA,Muscle definition,56.0,Body,World A
2023-04-01,USA_muscle_definition.csv,USA,Muscle definition,46.0,Body,World A
2023-05-01,USA_muscle_definition.csv,USA,Muscle definition,42.0,Body,World A
2023-06-01,USA_muscle_definition.csv,USA,Muscle definition,29.0,Body,World A
2023-07-01,USA_muscle_definition.csv,USA,Muscle definition,27.0,Body,World A
2023-08-01,USA_muscle_definition.csv,USA,Muscle definition,29.0,Body,World A
2023-09-01,USA_muscle_definition.csv,USA,Muscle definition,51.0,Body,World A
2023-10-01,USA_muscle_definition.csv,USA,Muscle definition,57.0,Body,World A
2023-11-01,USA_muscle_definition.csv,USA,Muscle definition,52.0,Body,World A
2023-12-01,USA_muscle_definition.csv,USA,Muscle definition,42.0,Body,World A
2024-01-01,USA_muscle_definition.csv,USA,Muscle definition,45.0,Body,World A
2024-02-01,USA_muscle_definition.csv,USA,Muscle definition,53.0,Body,World A
2024-03-01,USA_muscle_definition.csv,USA,Muscle definition,45.0,Body,World A
2024-04-01,USA_muscle_definition.csv,USA,Muscle definition,45.0,Body,World A
2024-05-01,USA_muscle_definition.csv,USA,Muscle definition,39.0,Body,World A
2024-06-01,USA_muscle_definition.csv,USA,Muscle definition,27.0,Body,World A
2024-07-01,USA_muscle_definition.csv,USA,Muscle definition,25.0,Body,World A
2024-08-01,USA_muscle_definition.csv,USA,Muscle definition,27.0,Body,World A
2024-09-01,USA_muscle_definition.csv,USA,Muscle definition,47.0,Body,World A
2024-10-01,USA_muscle_definition.csv,USA,Muscle definition,51.0,Body,World A
2024-11-01,USA_muscle_definition.csv,USA,Muscle definition,46.0,Body,World A
2024-12-01,USA_muscle_definition.csv,USA,Muscle definition,36.0,Body,World A
2025-01-01,USA_muscle_definition.csv,USA,Muscle definition,41.0,Body,World A
2025-02-01,USA_muscle_definition.csv,USA,Muscle definition,49.0,Body,World A
2025-03-01,USA_muscle_definition.csv,USA,Muscle definition,47.0,Body,World A
2025-04-01,USA_muscle_definition.csv,USA,Muscle definition,41.0,Body,World A
2025-05-01,USA_muscle_definition.csv,USA,Muscle definition,35.0,Body,World A
2025-06-01,USA_muscle_definition.csv,USA,Muscle definition,47.0,Body,World A
2025-07-01,USA_muscle_definition.csv,USA,Muscle definition,50.0,Body,World A
2025-08-01,USA_muscle_definition.csv,USA,Muscle definition,48.0,Body,World A
2025-09-01,USA_muscle_definition.csv,USA,Muscle definition,71.0,Body,World A
2025-10-01,USA_muscle_definition.csv,USA,Muscle definition,66.0,Body,World A
2025-11-01,USA_muscle_definition.csv,USA,Muscle definition,65.0,Body,World A
2025-12-01,USA_muscle_definition.csv,USA,Muscle definition,56.0,Body,World A
2026-01-01,USA_muscle_definition.csv,USA,Muscle definition,60.0,Body,World A
2026-02-01,USA_muscle_definition.csv,USA,Muscle definition,81.0,Body,World A
2026-03-01,USA_muscle_definition.csv,USA,Muscle definition,100.0,Body,World A
2026-04-01,USA_muscle_definition.csv,USA,Muscle definition,89.0,Body,World A
2026-05-01,USA_muscle_definition.csv,USA,Muscle definition,62.0,Body,World A
2021-05-01,USA_self_growth.csv,USA,Self-growth,0.0,Spirit,World B
2021-06-01,USA_self_growth.csv,USA,Self-growth,0.0,Spirit,World B
2021-07-01,USA_self_growth.csv,USA,Self-growth,0.0,Spirit,World B
2021-08-01,USA_self_growth.csv,USA,Self-growth,0.0,Spirit,World B
2021-09-01,USA_self_growth.csv,USA,Self-growth,0.0,Spirit,World B
2021-10-01,USA_self_growth.csv,USA,Self-growth,0.0,Spirit,World B
2021-11-01,USA_self_growth.csv,USA,Self-growth,0.0,Spirit,World B
2021-12-01,USA_self_growth.csv,USA,Self-growth,0.0,Spirit,World B
2022-01-01,USA_self_growth.csv,USA,Self-growth,0.0,Spirit,World B
2022-02-01,USA_self_growth.csv,USA,Self-growth,20.0,Spirit,World B
2022-03-01,USA_self_growth.csv,USA,Self-growth,23.0,Spirit,World B
2022-04-01,USA_self_growth.csv,USA,Self-growth,14.0,Spirit,World B
2022-05-01,USA_self_growth.csv,USA,Self-growth,14.0,Spirit,World B
2022-06-01,USA_self_growth.csv,USA,Self-growth,0.0,Spirit,World B
2022-07-01,USA_self_growth.csv,USA,Self-growth,14.0,Spirit,World B
2022-08-01,USA_self_growth.csv,USA,Self-growth,0.0,Spirit,World B
2022-09-01,USA_self_growth.csv,USA,Self-growth,14.0,Spirit,World B
2022-10-01,USA_self_growth.csv,USA,Self-growth,20.0,Spirit,World B
2022-11-01,USA_self_growth.csv,USA,Self-growth,12.0,Spirit,World B
2022-12-01,USA_self_growth.csv,USA,Self-growth,0.0,Spirit,World B
2023-01-01,USA_self_growth.csv,USA,Self-growth,17.0,Spirit,World B
2023-02-01,USA_self_growth.csv,USA,Self-growth,22.0,Spirit,World B
2023-03-01,USA_self_growth.csv,USA,Self-growth,12.0,Spirit,World B
2023-04-01,USA_self_growth.csv,USA,Self-growth,12.0,Spirit,World B
2023-05-01,USA_self_growth.csv,USA,Self-growth,0.0,Spirit,World B
2023-06-01,USA_self_growth.csv,USA,Self-growth,14.0,Spirit,World B
2023-07-01,USA_self_growth.csv,USA,Self-growth,0.0,Spirit,World B
2023-08-01,USA_self_growth.csv,USA,Self-growth,0.0,Spirit,World B
2023-09-01,USA_self_growth.csv,USA,Self-growth,18.0,Spirit,World B
2023-10-01,USA_self_growth.csv,USA,Self-growth,0.0,Spirit,World B
2023-11-01,USA_self_growth.csv,USA,Self-growth,0.0,Spirit,World B
2023-12-01,USA_self_growth.csv,USA,Self-growth,14.0,Spirit,World B
2024-01-01,USA_self_growth.csv,USA,Self-growth,15.0,Spirit,World B
2024-02-01,USA_self_growth.csv,USA,Self-growth,0.0,Spirit,World B
2024-03-01,USA_self_growth.csv,USA,Self-growth,0.0,Spirit,World B
2024-04-01,USA_self_growth.csv,USA,Self-growth,0.0,Spirit,World B
2024-05-01,USA_self_growth.csv,USA,Self-growth,0.0,Spirit,World B
2024-06-01,USA_self_growth.csv,USA,Self-growth,0.0,Spirit,World B
2024-07-01,USA_self_growth.csv,USA,Self-growth,60.0,Spirit,World B
2024-08-01,USA_self_growth.csv,USA,Self-growth,15.0,Spirit,World B
2024-09-01,USA_self_growth.csv,USA,Self-growth,22.0,Spirit,World B
2024-10-01,USA_self_growth.csv,USA,Self-growth,14.0,Spirit,World B
2024-11-01,USA_self_growth.csv,USA,Self-growth,23.0,Spirit,World B
2024-12-01,USA_self_growth.csv,USA,Self-growth,0.0,Spirit,World B
2025-01-01,USA_self_growth.csv,USA,Self-growth,15.0,Spirit,World B
2025-02-01,USA_self_growth.csv,USA,Self-growth,17.0,Spirit,World B
2025-03-01,USA_self_growth.csv,USA,Self-growth,17.0,Spirit,World B
2025-04-01,USA_self_growth.csv,USA,Self-growth,28.0,Spirit,World B
2025-05-01,USA_self_growth.csv,USA,Self-growth,18.0,Spirit,World B
2025-06-01,USA_self_growth.csv,USA,Self-growth,15.0,Spirit,World B
2025-07-01,USA_self_growth.csv,USA,Self-growth,0.0,Spirit,World B
2025-08-01,USA_self_growth.csv,USA,Self-growth,22.0,Spirit,World B
2025-09-01,USA_self_growth.csv,USA,Self-growth,28.0,Spirit,World B
2025-10-01,USA_self_growth.csv,USA,Self-growth,22.0,Spirit,World B
2025-11-01,USA_self_growth.csv,USA,Self-growth,14.0,Spirit,World B
2025-12-01,USA_self_growth.csv,USA,Self-growth,18.0,Spirit,World B
2026-01-01,USA_self_growth.csv,USA,Self-growth,37.0,Spirit,World B
2026-02-01,USA_self_growth.csv,USA,Self-growth,35.0,Spirit,World B
2026-03-01,USA_self_growth.csv,USA,Self-growth,75.0,Spirit,World B
2026-04-01,USA_self_growth.csv,USA,Self-growth,100.0,Spirit,World B
2026-05-01,USA_self_growth.csv,USA,Self-growth,9.0,Spirit,World B
2021-05-01,USA_social_exclusion.csv,USA,Social exclusion,7.0,Inclusion,World A
2021-06-01,USA_social_exclusion.csv,USA,Social exclusion,5.0,Inclusion,World A
2021-07-01,USA_social_exclusion.csv,USA,Social exclusion,3.0,Inclusion,World A
2021-08-01,USA_social_exclusion.csv,USA,Social exclusion,4.0,Inclusion,World A
2021-09-01,USA_social_exclusion.csv,USA,Social exclusion,8.0,Inclusion,World A
2021-10-01,USA_social_exclusion.csv,USA,Social exclusion,8.0,Inclusion,World A
2021-11-01,USA_social_exclusion.csv,USA,Social exclusion,9.0,Inclusion,World A
2021-12-01,USA_social_exclusion.csv,USA,Social exclusion,8.0,Inclusion,World A
2022-01-01,USA_social_exclusion.csv,USA,Social exclusion,9.0,Inclusion,World A
2022-02-01,USA_social_exclusion.csv,USA,Social exclusion,13.0,Inclusion,World A
2022-03-01,USA_social_exclusion.csv,USA,Social exclusion,12.0,Inclusion,World A
2022-04-01,USA_social_exclusion.csv,USA,Social exclusion,15.0,Inclusion,World A
2022-05-01,USA_social_exclusion.csv,USA,Social exclusion,12.0,Inclusion,World A
2022-06-01,USA_social_exclusion.csv,USA,Social exclusion,7.0,Inclusion,World A
2022-07-01,USA_social_exclusion.csv,USA,Social exclusion,6.0,Inclusion,World A
2022-08-01,USA_social_exclusion.csv,USA,Social exclusion,6.0,Inclusion,World A
2022-09-01,USA_social_exclusion.csv,USA,Social exclusion,16.0,Inclusion,World A
2022-10-01,USA_social_exclusion.csv,USA,Social exclusion,16.0,Inclusion,World A
2022-11-01,USA_social_exclusion.csv,USA,Social exclusion,15.0,Inclusion,World A
2022-12-01,USA_social_exclusion.csv,USA,Social exclusion,13.0,Inclusion,World A
2023-01-01,USA_social_exclusion.csv,USA,Social exclusion,13.0,Inclusion,World A
2023-02-01,USA_social_exclusion.csv,USA,Social exclusion,17.0,Inclusion,World A
2023-03-01,USA_social_exclusion.csv,USA,Social exclusion,15.0,Inclusion,World A
2023-04-01,USA_social_exclusion.csv,USA,Social exclusion,15.0,Inclusion,World A
2023-05-01,USA_social_exclusion.csv,USA,Social exclusion,11.0,Inclusion,World A
2023-06-01,USA_social_exclusion.csv,USA,Social exclusion,7.0,Inclusion,World A
2023-07-01,USA_social_exclusion.csv,USA,Social exclusion,5.0,Inclusion,World A
2023-08-01,USA_social_exclusion.csv,USA,Social exclusion,8.0,Inclusion,World A
2023-09-01,USA_social_exclusion.csv,USA,Social exclusion,18.0,Inclusion,World A
2023-10-01,USA_social_exclusion.csv,USA,Social exclusion,19.0,Inclusion,World A
2023-11-01,USA_social_exclusion.csv,USA,Social exclusion,15.0,Inclusion,World A
2023-12-01,USA_social_exclusion.csv,USA,Social exclusion,14.0,Inclusion,World A
2024-01-01,USA_social_exclusion.csv,USA,Social exclusion,14.0,Inclusion,World A
2024-02-01,USA_social_exclusion.csv,USA,Social exclusion,16.0,Inclusion,World A
2024-03-01,USA_social_exclusion.csv,USA,Social exclusion,15.0,Inclusion,World A
2024-04-01,USA_social_exclusion.csv,USA,Social exclusion,17.0,Inclusion,World A
2024-05-01,USA_social_exclusion.csv,USA,Social exclusion,11.0,Inclusion,World A
2024-06-01,USA_social_exclusion.csv,USA,Social exclusion,8.0,Inclusion,World A
2024-07-01,USA_social_exclusion.csv,USA,Social exclusion,7.0,Inclusion,World A
2024-08-01,USA_social_exclusion.csv,USA,Social exclusion,7.0,Inclusion,World A
2024-09-01,USA_social_exclusion.csv,USA,Social exclusion,19.0,Inclusion,World A
2024-10-01,USA_social_exclusion.csv,USA,Social exclusion,21.0,Inclusion,World A
2024-11-01,USA_social_exclusion.csv,USA,Social exclusion,17.0,Inclusion,World A
2024-12-01,USA_social_exclusion.csv,USA,Social exclusion,14.0,Inclusion,World A
2025-01-01,USA_social_exclusion.csv,USA,Social exclusion,14.0,Inclusion,World A
2025-02-01,USA_social_exclusion.csv,USA,Social exclusion,22.0,Inclusion,World A
2025-03-01,USA_social_exclusion.csv,USA,Social exclusion,19.0,Inclusion,World A
2025-04-01,USA_social_exclusion.csv,USA,Social exclusion,20.0,Inclusion,World A
2025-05-01,USA_social_exclusion.csv,USA,Social exclusion,14.0,Inclusion,World A
2025-06-01,USA_social_exclusion.csv,USA,Social exclusion,14.0,Inclusion,World A
2025-07-01,USA_social_exclusion.csv,USA,Social exclusion,17.0,Inclusion,World A
2025-08-01,USA_social_exclusion.csv,USA,Social exclusion,14.0,Inclusion,World A
2025-09-01,USA_social_exclusion.csv,USA,Social exclusion,25.0,Inclusion,World A
2025-10-01,USA_social_exclusion.csv,USA,Social exclusion,25.0,Inclusion,World A
2025-11-01,USA_social_exclusion.csv,USA,Social exclusion,30.0,Inclusion,World A
2025-12-01,USA_social_exclusion.csv,USA,Social exclusion,39.0,Inclusion,World A
2026-01-01,USA_social_exclusion.csv,USA,Social exclusion,49.0,Inclusion,World A
2026-02-01,USA_social_exclusion.csv,USA,Social exclusion,100.0,Inclusion,World A
2026-03-01,USA_social_exclusion.csv,USA,Social exclusion,65.0,Inclusion,World A
2026-04-01,USA_social_exclusion.csv,USA,Social exclusion,61.0,Inclusion,World A
2026-05-01,USA_social_exclusion.csv,USA,Social exclusion,37.0,Inclusion,World A
2021-05-01,USA_social_inclusion.csv,USA,Social inclusion,9.0,Inclusion,World B
2021-06-01,USA_social_inclusion.csv,USA,Social inclusion,9.0,Inclusion,World B
2021-07-01,USA_social_inclusion.csv,USA,Social inclusion,7.0,Inclusion,World B
2021-08-01,USA_social_inclusion.csv,USA,Social inclusion,8.0,Inclusion,World B
2021-09-01,USA_social_inclusion.csv,USA,Social inclusion,11.0,Inclusion,World B
2021-10-01,USA_social_inclusion.csv,USA,Social inclusion,13.0,Inclusion,World B
2021-11-01,USA_social_inclusion.csv,USA,Social inclusion,12.0,Inclusion,World B
2021-12-01,USA_social_inclusion.csv,USA,Social inclusion,9.0,Inclusion,World B
2022-01-01,USA_social_inclusion.csv,USA,Social inclusion,12.0,Inclusion,World B
2022-02-01,USA_social_inclusion.csv,USA,Social inclusion,17.0,Inclusion,World B
2022-03-01,USA_social_inclusion.csv,USA,Social inclusion,16.0,Inclusion,World B
2022-04-01,USA_social_inclusion.csv,USA,Social inclusion,19.0,Inclusion,World B
2022-05-01,USA_social_inclusion.csv,USA,Social inclusion,15.0,Inclusion,World B
2022-06-01,USA_social_inclusion.csv,USA,Social inclusion,12.0,Inclusion,World B
2022-07-01,USA_social_inclusion.csv,USA,Social inclusion,11.0,Inclusion,World B
2022-08-01,USA_social_inclusion.csv,USA,Social inclusion,12.0,Inclusion,World B
2022-09-01,USA_social_inclusion.csv,USA,Social inclusion,17.0,Inclusion,World B
2022-10-01,USA_social_inclusion.csv,USA,Social inclusion,21.0,Inclusion,World B
2022-11-01,USA_social_inclusion.csv,USA,Social inclusion,17.0,Inclusion,World B
2022-12-01,USA_social_inclusion.csv,USA,Social inclusion,14.0,Inclusion,World B
2023-01-01,USA_social_inclusion.csv,USA,Social inclusion,15.0,Inclusion,World B
2023-02-01,USA_social_inclusion.csv,USA,Social inclusion,20.0,Inclusion,World B
2023-03-01,USA_social_inclusion.csv,USA,Social inclusion,21.0,Inclusion,World B
2023-04-01,USA_social_inclusion.csv,USA,Social inclusion,18.0,Inclusion,World B
2023-05-01,USA_social_inclusion.csv,USA,Social inclusion,15.0,Inclusion,World B
2023-06-01,USA_social_inclusion.csv,USA,Social inclusion,13.0,Inclusion,World B
2023-07-01,USA_social_inclusion.csv,USA,Social inclusion,13.0,Inclusion,World B
2023-08-01,USA_social_inclusion.csv,USA,Social inclusion,12.0,Inclusion,World B
2023-09-01,USA_social_inclusion.csv,USA,Social inclusion,20.0,Inclusion,World B
2023-10-01,USA_social_inclusion.csv,USA,Social inclusion,22.0,Inclusion,World B
2023-11-01,USA_social_inclusion.csv,USA,Social inclusion,19.0,Inclusion,World B
2023-12-01,USA_social_inclusion.csv,USA,Social inclusion,15.0,Inclusion,World B
2024-01-01,USA_social_inclusion.csv,USA,Social inclusion,17.0,Inclusion,World B
2024-02-01,USA_social_inclusion.csv,USA,Social inclusion,22.0,Inclusion,World B
2024-03-01,USA_social_inclusion.csv,USA,Social inclusion,21.0,Inclusion,World B
2024-04-01,USA_social_inclusion.csv,USA,Social inclusion,23.0,Inclusion,World B
2024-05-01,USA_social_inclusion.csv,USA,Social inclusion,18.0,Inclusion,World B
2024-06-01,USA_social_inclusion.csv,USA,Social inclusion,13.0,Inclusion,World B
2024-07-01,USA_social_inclusion.csv,USA,Social inclusion,13.0,Inclusion,World B
2024-08-01,USA_social_inclusion.csv,USA,Social inclusion,14.0,Inclusion,World B
2024-09-01,USA_social_inclusion.csv,USA,Social inclusion,23.0,Inclusion,World B
2024-10-01,USA_social_inclusion.csv,USA,Social inclusion,26.0,Inclusion,World B
2024-11-01,USA_social_inclusion.csv,USA,Social inclusion,23.0,Inclusion,World B
2024-12-01,USA_social_inclusion.csv,USA,Social inclusion,17.0,Inclusion,World B
2025-01-01,USA_social_inclusion.csv,USA,Social inclusion,20.0,Inclusion,World B
2025-02-01,USA_social_inclusion.csv,USA,Social inclusion,28.0,Inclusion,World B
2025-03-01,USA_social_inclusion.csv,USA,Social inclusion,26.0,Inclusion,World B
2025-04-01,USA_social_inclusion.csv,USA,Social inclusion,26.0,Inclusion,World B
2025-05-01,USA_social_inclusion.csv,USA,Social inclusion,17.0,Inclusion,World B
2025-06-01,USA_social_inclusion.csv,USA,Social inclusion,23.0,Inclusion,World B
2025-07-01,USA_social_inclusion.csv,USA,Social inclusion,27.0,Inclusion,World B
2025-08-01,USA_social_inclusion.csv,USA,Social inclusion,24.0,Inclusion,World B
2025-09-01,USA_social_inclusion.csv,USA,Social inclusion,38.0,Inclusion,World B
2025-10-01,USA_social_inclusion.csv,USA,Social inclusion,33.0,Inclusion,World B
2025-11-01,USA_social_inclusion.csv,USA,Social inclusion,42.0,Inclusion,World B
2025-12-01,USA_social_inclusion.csv,USA,Social inclusion,45.0,Inclusion,World B
2026-01-01,USA_social_inclusion.csv,USA,Social inclusion,53.0,Inclusion,World B
2026-02-01,USA_social_inclusion.csv,USA,Social inclusion,100.0,Inclusion,World B
2026-03-01,USA_social_inclusion.csv,USA,Social inclusion,63.0,Inclusion,World B
2026-04-01,USA_social_inclusion.csv,USA,Social inclusion,64.0,Inclusion,World B
2026-05-01,USA_social_inclusion.csv,USA,Social inclusion,38.0,Inclusion,World B
2021-05-01,USA_time_management.csv,USA,Time management,10.0,Mind,World A
2021-06-01,USA_time_management.csv,USA,Time management,9.0,Mind,World A
2021-07-01,USA_time_management.csv,USA,Time management,8.0,Mind,World A
2021-08-01,USA_time_management.csv,USA,Time management,9.0,Mind,World A
2021-09-01,USA_time_management.csv,USA,Time management,14.0,Mind,World A
2021-10-01,USA_time_management.csv,USA,Time management,14.0,Mind,World A
2021-11-01,USA_time_management.csv,USA,Time management,13.0,Mind,World A
2021-12-01,USA_time_management.csv,USA,Time management,10.0,Mind,World A
2022-01-01,USA_time_management.csv,USA,Time management,14.0,Mind,World A
2022-02-01,USA_time_management.csv,USA,Time management,17.0,Mind,World A
2022-03-01,USA_time_management.csv,USA,Time management,17.0,Mind,World A
2022-04-01,USA_time_management.csv,USA,Time management,16.0,Mind,World A
2022-05-01,USA_time_management.csv,USA,Time management,15.0,Mind,World A
2022-06-01,USA_time_management.csv,USA,Time management,13.0,Mind,World A
2022-07-01,USA_time_management.csv,USA,Time management,12.0,Mind,World A
2022-08-01,USA_time_management.csv,USA,Time management,14.0,Mind,World A
2022-09-01,USA_time_management.csv,USA,Time management,18.0,Mind,World A
2022-10-01,USA_time_management.csv,USA,Time management,19.0,Mind,World A
2022-11-01,USA_time_management.csv,USA,Time management,16.0,Mind,World A
2022-12-01,USA_time_management.csv,USA,Time management,14.0,Mind,World A
2023-01-01,USA_time_management.csv,USA,Time management,15.0,Mind,World A
2023-02-01,USA_time_management.csv,USA,Time management,19.0,Mind,World A
2023-03-01,USA_time_management.csv,USA,Time management,17.0,Mind,World A
2023-04-01,USA_time_management.csv,USA,Time management,16.0,Mind,World A
2023-05-01,USA_time_management.csv,USA,Time management,16.0,Mind,World A
2023-06-01,USA_time_management.csv,USA,Time management,13.0,Mind,World A
2023-07-01,USA_time_management.csv,USA,Time management,13.0,Mind,World A
2023-08-01,USA_time_management.csv,USA,Time management,14.0,Mind,World A
2023-09-01,USA_time_management.csv,USA,Time management,20.0,Mind,World A
2023-10-01,USA_time_management.csv,USA,Time management,20.0,Mind,World A
2023-11-01,USA_time_management.csv,USA,Time management,18.0,Mind,World A
2023-12-01,USA_time_management.csv,USA,Time management,14.0,Mind,World A
2024-01-01,USA_time_management.csv,USA,Time management,17.0,Mind,World A
2024-02-01,USA_time_management.csv,USA,Time management,21.0,Mind,World A
2024-03-01,USA_time_management.csv,USA,Time management,18.0,Mind,World A
2024-04-01,USA_time_management.csv,USA,Time management,19.0,Mind,World A
2024-05-01,USA_time_management.csv,USA,Time management,16.0,Mind,World A
2024-06-01,USA_time_management.csv,USA,Time management,13.0,Mind,World A
2024-07-01,USA_time_management.csv,USA,Time management,13.0,Mind,World A
2024-08-01,USA_time_management.csv,USA,Time management,16.0,Mind,World A
2024-09-01,USA_time_management.csv,USA,Time management,23.0,Mind,World A
2024-10-01,USA_time_management.csv,USA,Time management,22.0,Mind,World A
2024-11-01,USA_time_management.csv,USA,Time management,20.0,Mind,World A
2024-12-01,USA_time_management.csv,USA,Time management,18.0,Mind,World A
2025-01-01,USA_time_management.csv,USA,Time management,19.0,Mind,World A
2025-02-01,USA_time_management.csv,USA,Time management,24.0,Mind,World A
2025-03-01,USA_time_management.csv,USA,Time management,23.0,Mind,World A
2025-04-01,USA_time_management.csv,USA,Time management,23.0,Mind,World A
2025-05-01,USA_time_management.csv,USA,Time management,21.0,Mind,World A
2025-06-01,USA_time_management.csv,USA,Time management,29.0,Mind,World A
2025-07-01,USA_time_management.csv,USA,Time management,47.0,Mind,World A
2025-08-01,USA_time_management.csv,USA,Time management,40.0,Mind,World A
2025-09-01,USA_time_management.csv,USA,Time management,50.0,Mind,World A
2025-10-01,USA_time_management.csv,USA,Time management,42.0,Mind,World A
2025-11-01,USA_time_management.csv,USA,Time management,53.0,Mind,World A
2025-12-01,USA_time_management.csv,USA,Time management,55.0,Mind,World A
2026-01-01,USA_time_management.csv,USA,Time management,67.0,Mind,World A
2026-02-01,USA_time_management.csv,USA,Time management,100.0,Mind,World A
2026-03-01,USA_time_management.csv,USA,Time management,82.0,Mind,World A
2026-04-01,USA_time_management.csv,USA,Time management,79.0,Mind,World A
2026-05-01,USA_time_management.csv,USA,Time management,50.0,Mind,World A
2021-05-01,USA_weight_loss.csv,USA,Weight loss,61.0,Body,World A
2021-06-01,USA_weight_loss.csv,USA,Weight loss,66.0,Body,World A
2021-07-01,USA_weight_loss.csv,USA,Weight loss,61.0,Body,World A
2021-08-01,USA_weight_loss.csv,USA,Weight loss,53.0,Body,World A
2021-09-01,USA_weight_loss.csv,USA,Weight loss,54.0,Body,World A
2021-10-01,USA_weight_loss.csv,USA,Weight loss,50.0,Body,World A
2021-11-01,USA_weight_loss.csv,USA,Weight loss,50.0,Body,World A
2021-12-01,USA_weight_loss.csv,USA,Weight loss,47.0,Body,World A
2022-01-01,USA_weight_loss.csv,USA,Weight loss,62.0,Body,World A
2022-02-01,USA_weight_loss.csv,USA,Weight loss,61.0,Body,World A
2022-03-01,USA_weight_loss.csv,USA,Weight loss,62.0,Body,World A
2022-04-01,USA_weight_loss.csv,USA,Weight loss,63.0,Body,World A
2022-05-01,USA_weight_loss.csv,USA,Weight loss,62.0,Body,World A
2022-06-01,USA_weight_loss.csv,USA,Weight loss,64.0,Body,World A
2022-07-01,USA_weight_loss.csv,USA,Weight loss,63.0,Body,World A
2022-08-01,USA_weight_loss.csv,USA,Weight loss,61.0,Body,World A
2022-09-01,USA_weight_loss.csv,USA,Weight loss,56.0,Body,World A
2022-10-01,USA_weight_loss.csv,USA,Weight loss,56.0,Body,World A
2022-11-01,USA_weight_loss.csv,USA,Weight loss,53.0,Body,World A
2022-12-01,USA_weight_loss.csv,USA,Weight loss,56.0,Body,World A
2023-01-01,USA_weight_loss.csv,USA,Weight loss,79.0,Body,World A
2023-02-01,USA_weight_loss.csv,USA,Weight loss,74.0,Body,World A
2023-03-01,USA_weight_loss.csv,USA,Weight loss,79.0,Body,World A
2023-04-01,USA_weight_loss.csv,USA,Weight loss,76.0,Body,World A
2023-05-01,USA_weight_loss.csv,USA,Weight loss,74.0,Body,World A
2023-06-01,USA_weight_loss.csv,USA,Weight loss,77.0,Body,World A
2023-07-01,USA_weight_loss.csv,USA,Weight loss,72.0,Body,World A
2023-08-01,USA_weight_loss.csv,USA,Weight loss,67.0,Body,World A
2023-09-01,USA_weight_loss.csv,USA,Weight loss,59.0,Body,World A
2023-10-01,USA_weight_loss.csv,USA,Weight loss,61.0,Body,World A
2023-11-01,USA_weight_loss.csv,USA,Weight loss,64.0,Body,World A
2023-12-01,USA_weight_loss.csv,USA,Weight loss,66.0,Body,World A
2024-01-01,USA_weight_loss.csv,USA,Weight loss,75.0,Body,World A
2024-02-01,USA_weight_loss.csv,USA,Weight loss,70.0,Body,World A
2024-03-01,USA_weight_loss.csv,USA,Weight loss,71.0,Body,World A
2024-04-01,USA_weight_loss.csv,USA,Weight loss,72.0,Body,World A
2024-05-01,USA_weight_loss.csv,USA,Weight loss,74.0,Body,World A
2024-06-01,USA_weight_loss.csv,USA,Weight loss,68.0,Body,World A
2024-07-01,USA_weight_loss.csv,USA,Weight loss,67.0,Body,World A
2024-08-01,USA_weight_loss.csv,USA,Weight loss,59.0,Body,World A
2024-09-01,USA_weight_loss.csv,USA,Weight loss,63.0,Body,World A
2024-10-01,USA_weight_loss.csv,USA,Weight loss,59.0,Body,World A
2024-11-01,USA_weight_loss.csv,USA,Weight loss,56.0,Body,World A
2024-12-01,USA_weight_loss.csv,USA,Weight loss,59.0,Body,World A
2025-01-01,USA_weight_loss.csv,USA,Weight loss,72.0,Body,World A
2025-02-01,USA_weight_loss.csv,USA,Weight loss,73.0,Body,World A
2025-03-01,USA_weight_loss.csv,USA,Weight loss,70.0,Body,World A
2025-04-01,USA_weight_loss.csv,USA,Weight loss,72.0,Body,World A
2025-05-01,USA_weight_loss.csv,USA,Weight loss,70.0,Body,World A
2025-06-01,USA_weight_loss.csv,USA,Weight loss,75.0,Body,World A
2025-07-01,USA_weight_loss.csv,USA,Weight loss,78.0,Body,World A
2025-08-01,USA_weight_loss.csv,USA,Weight loss,71.0,Body,World A
2025-09-01,USA_weight_loss.csv,USA,Weight loss,64.0,Body,World A
2025-10-01,USA_weight_loss.csv,USA,Weight loss,59.0,Body,World A
2025-11-01,USA_weight_loss.csv,USA,Weight loss,64.0,Body,World A
2025-12-01,USA_weight_loss.csv,USA,Weight loss,66.0,Body,World A
2026-01-01,USA_weight_loss.csv,USA,Weight loss,84.0,Body,World A
2026-02-01,USA_weight_loss.csv,USA,Weight loss,85.0,Body,World A
2026-03-01,USA_weight_loss.csv,USA,Weight loss,100.0,Body,World A
2026-04-01,USA_weight_loss.csv,USA,Weight loss,97.0,Body,World A
2026-05-01,USA_weight_loss.csv,USA,Weight loss,81.0,Body,World A